26;A,B,C,D,E,F,G,H,I,J,K,L,M,N,O,P,Q,R,S,T,U,V,W,X,Y,Z;6;M,J,Q,U,P,N;4;O,M,Z,Q;7;P,I,A,E,Y,R,W;
26;A,B,C,D,E,F,G,H,I,J,K,L,M,N,O,P,Q,R,S,T,U,V,W,X,Y,Z;5;Y,B,T,L,E;4;A,C,T,P;6;F,B,R,E,Z,V;
26;A,B,C,D,E,F,G,H,I,J,K,L,M,N,O,P,Q,R,S,T,U,V,W,X,Y,Z;7;V,S,U,D,P,I,C;7;D,R,N,C,A,I,F;4;B,L,V,O;
26;A,B,C,D,E,F,G,H,I,J,K,L,M,N,O,P,Q,R,S,T,U,V,W,X,Y,Z;5;S,W,V,A,U;6;C,O,G,B,J,E;4;U,E,Z,Y;
26;A,B,C,D,E,F,G,H,I,J,K,L,M,N,O,P,Q,R,S,T,U,V,W,X,Y,Z;6;G,B,W,Z,I,F;6;B,O,P,F,Z,J;5;B,N,X,E,W;
26;A,B,C,D,E,F,G,H,I,J,K,L,M,N,O,P,Q,R,S,T,U,V,W,X,Y,Z;7;H,Y,U,S,G,V,P;7;M,P,A,E,O,V,C;6;Y,Q,J,F,R,M;
26;A,B,C,D,E,F,G,H,I,J,K,L,M,N,O,P,Q,R,S,T,U,V,W,X,Y,Z;7;Q,G,X,P,U,S,A;4;C,A,D,K;6;M,U,Y,Z,P,N;
26;A,B,C,D,E,F,G,H,I,J,K,L,M,N,O,P,Q,R,S,T,U,V,W,X,Y,Z;6;P,J,A,V,G,U;6;N,T,L,H,O,W;7;L,A,W,F,Z,N,J;
26;A,B,C,D,E,F,G,H,I,J,K,L,M,N,O,P,Q,R,S,T,U,V,W,X,Y,Z;6;R,P,U,V,S,B;4;V,H,P,Y;6;P,Z,F,E,H,L;
26;A,B,C,D,E,F,G,H,I,J,K,L,M,N,O,P,Q,R,S,T,U,V,W,X,Y,Z;4;G,D,C,F;4;S,M,O,I;7;I,A,U,X,P,H,W;
26;A,B,C,D,E,F,G,H,I,J,K,L,M,N,O,P,Q,R,S,T,U,V,W,X,Y,Z;4;L,O,I,H;6;U,K,F,O,S,C;6;Y,D,I,K,T,A;
26;A,B,C,D,E,F,G,H,I,J,K,L,M,N,O,P,Q,R,S,T,U,V,W,X,Y,Z;4;M,Q,B,I;6;G,J,K,D,O,T;6;E,B,P,W,T,U;
26;A,B,C,D,E,F,G,H,I,J,K,L,M,N,O,P,Q,R,S,T,U,V,W,X,Y,Z;5;U,Q,C,B,K;5;R,P,M,D,C;7;D,I,L,V,Y,M,C;
26;A,B,C,D,E,F,G,H,I,J,K,L,M,N,O,P,Q,R,S,T,U,V,W,X,Y,Z;7;Y,C,G,A,K,N,I;5;O,B,V,R,T;4;Y,F,T,A;
26;A,B,C,D,E,F,G,H,I,J,K,L,M,N,O,P,Q,R,S,T,U,V,W,X,Y,Z;4;P,M,N,Q;6;U,N,Z,Y,D,M;7;F,X,P,H,T,V,M;
26;A,B,C,D,E,F,G,H,I,J,K,L,M,N,O,P,Q,R,S,T,U,V,W,X,Y,Z;7;M,J,H,P,C,W,G;5;P,D,Z,K,B;5;Z,Y,B,K,D;
26;A,B,C,D,E,F,G,H,I,J,K,L,M,N,O,P,Q,R,S,T,U,V,W,X,Y,Z;4;V,W,N,T;4;K,A,J,L;4;C,F,E,P;
26;A,B,C,D,E,F,G,H,I,J,K,L,M,N,O,P,Q,R,S,T,U,V,W,X,Y,Z;5;B,I,F,J,T;5;N,X,C,K,P;5;D,G,W,Y,B;
26;A,B,C,D,E,F,G,H,I,J,K,L,M,N,O,P,Q,R,S,T,U,V,W,X,Y,Z;7;I,G,C,D,K,U,P;7;X,H,J,Q,V,G,I;6;S,E,M,R,V,L;
26;A,B,C,D,E,F,G,H,I,J,K,L,M,N,O,P,Q,R,S,T,U,V,W,X,Y,Z;5;H,P,N,J,I;4;K,T,H,M;4;L,A,O,Z;
26;A,B,C,D,E,F,G,H,I,J,K,L,M,N,O,P,Q,R,S,T,U,V,W,X,Y,Z;5;L,Y,R,V,S;4;X,L,K,F;5;N,B,V,G,J;
26;A,B,C,D,E,F,G,H,I,J,K,L,M,N,O,P,Q,R,S,T,U,V,W,X,Y,Z;7;U,R,H,M,K,B,C;6;D,Y,T,P,Q,W;4;V,R,Q,P;
26;A,B,C,D,E,F,G,H,I,J,K,L,M,N,O,P,Q,R,S,T,U,V,W,X,Y,Z;4;R,S,A,X;7;Y,P,F,T,M,S,C;4;B,M,E,L;
26;A,B,C,D,E,F,G,H,I,J,K,L,M,N,O,P,Q,R,S,T,U,V,W,X,Y,Z;4;B,U,Q,S;4;H,V,W,U;5;W,P,C,S,Z;
26;A,B,C,D,E,F,G,H,I,J,K,L,M,N,O,P,Q,R,S,T,U,V,W,X,Y,Z;4;T,B,Q,F;5;K,W,P,D,Y;5;H,W,X,I,E;
26;A,B,C,D,E,F,G,H,I,J,K,L,M,N,O,P,Q,R,S,T,U,V,W,X,Y,Z;5;X,E,I,N,D;4;I,C,Q,R;7;H,R,D,L,Z,F,G;
26;A,B,C,D,E,F,G,H,I,J,K,L,M,N,O,P,Q,R,S,T,U,V,W,X,Y,Z;5;Y,V,O,N,S;4;F,T,J,Z;4;L,H,O,K;
26;A,B,C,D,E,F,G,H,I,J,K,L,M,N,O,P,Q,R,S,T,U,V,W,X,Y,Z;5;O,Q,T,W,I;5;D,J,N,Y,V;5;L,U,Z,K,Q;
26;A,B,C,D,E,F,G,H,I,J,K,L,M,N,O,P,Q,R,S,T,U,V,W,X,Y,Z;4;E,P,Z,M;7;J,X,W,I,B,N,Z;5;W,U,B,K,S;
26;A,B,C,D,E,F,G,H,I,J,K,L,M,N,O,P,Q,R,S,T,U,V,W,X,Y,Z;6;I,Y,S,W,F,A;6;C,Z,V,F,B,N;4;W,C,E,P;
26;A,B,C,D,E,F,G,H,I,J,K,L,M,N,O,P,Q,R,S,T,U,V,W,X,Y,Z;6;V,U,E,G,K,Z;7;T,P,B,N,G,X,M;6;D,X,K,U,T,I;
26;A,B,C,D,E,F,G,H,I,J,K,L,M,N,O,P,Q,R,S,T,U,V,W,X,Y,Z;4;N,V,B,S;6;S,B,H,J,W,X;6;G,P,E,B,Y,J;
26;A,B,C,D,E,F,G,H,I,J,K,L,M,N,O,P,Q,R,S,T,U,V,W,X,Y,Z;5;L,P,V,Z,G;7;K,N,J,H,Z,G,P;7;P,D,E,O,V,Q,R;
26;A,B,C,D,E,F,G,H,I,J,K,L,M,N,O,P,Q,R,S,T,U,V,W,X,Y,Z;4;T,E,X,I;4;K,C,E,Y;4;U,N,X,Y;
26;A,B,C,D,E,F,G,H,I,J,K,L,M,N,O,P,Q,R,S,T,U,V,W,X,Y,Z;6;K,X,F,S,Z,T;7;A,T,O,J,N,P,K;6;I,U,L,Y,Q,W;
26;A,B,C,D,E,F,G,H,I,J,K,L,M,N,O,P,Q,R,S,T,U,V,W,X,Y,Z;5;E,R,X,M,W;5;Z,Q,E,I,S;4;K,H,F,L;
26;A,B,C,D,E,F,G,H,I,J,K,L,M,N,O,P,Q,R,S,T,U,V,W,X,Y,Z;6;Z,R,Q,N,B,X;5;K,E,H,A,Z;6;H,L,Q,V,I,B;
26;A,B,C,D,E,F,G,H,I,J,K,L,M,N,O,P,Q,R,S,T,U,V,W,X,Y,Z;5;Q,A,X,S,N;7;H,U,E,C,Q,X,J;4;Q,X,Z,F;
26;A,B,C,D,E,F,G,H,I,J,K,L,M,N,O,P,Q,R,S,T,U,V,W,X,Y,Z;4;E,G,D,U;7;X,F,E,O,T,H,V;6;U,M,K,O,F,J;
26;A,B,C,D,E,F,G,H,I,J,K,L,M,N,O,P,Q,R,S,T,U,V,W,X,Y,Z;7;O,E,P,L,R,S,N;7;W,S,P,H,R,L,O;5;Z,H,I,Y,V;
26;A,B,C,D,E,F,G,H,I,J,K,L,M,N,O,P,Q,R,S,T,U,V,W,X,Y,Z;4;E,T,I,O;4;Z,S,H,V;6;H,B,P,Z,V,T;
26;A,B,C,D,E,F,G,H,I,J,K,L,M,N,O,P,Q,R,S,T,U,V,W,X,Y,Z;5;Z,L,R,O,J;4;O,K,F,M;6;L,Y,S,A,M,E;
26;A,B,C,D,E,F,G,H,I,J,K,L,M,N,O,P,Q,R,S,T,U,V,W,X,Y,Z;4;B,Z,N,W;7;E,G,L,Z,Q,N,A;6;S,T,O,D,P,X;
26;A,B,C,D,E,F,G,H,I,J,K,L,M,N,O,P,Q,R,S,T,U,V,W,X,Y,Z;5;Q,D,A,B,U;4;V,C,F,T;6;Q,L,H,G,U,C;
26;A,B,C,D,E,F,G,H,I,J,K,L,M,N,O,P,Q,R,S,T,U,V,W,X,Y,Z;7;A,L,C,M,O,S,U;5;T,Y,R,F,X;4;B,P,R,J;
26;A,B,C,D,E,F,G,H,I,J,K,L,M,N,O,P,Q,R,S,T,U,V,W,X,Y,Z;7;W,Q,R,L,J,G,N;7;C,O,S,V,W,B,G;7;R,U,B,Z,A,M,V;
26;A,B,C,D,E,F,G,H,I,J,K,L,M,N,O,P,Q,R,S,T,U,V,W,X,Y,Z;7;D,C,T,K,L,Q,S;7;L,S,P,G,H,Q,Y;4;Q,M,V,I;
26;A,B,C,D,E,F,G,H,I,J,K,L,M,N,O,P,Q,R,S,T,U,V,W,X,Y,Z;6;Y,K,Z,S,F,A;6;I,V,N,W,C,H;7;I,R,W,V,G,O,Y;
26;A,B,C,D,E,F,G,H,I,J,K,L,M,N,O,P,Q,R,S,T,U,V,W,X,Y,Z;6;I,W,V,G,C,P;4;F,J,V,C;6;S,Q,E,O,X,B;
26;A,B,C,D,E,F,G,H,I,J,K,L,M,N,O,P,Q,R,S,T,U,V,W,X,Y,Z;5;R,J,T,C,X;6;C,T,G,Y,V,W;5;M,N,Z,Q,X;
26;A,B,C,D,E,F,G,H,I,J,K,L,M,N,O,P,Q,R,S,T,U,V,W,X,Y,Z;4;I,T,H,D;6;K,Z,N,D,U,M;5;H,U,L,M,Z;
26;A,B,C,D,E,F,G,H,I,J,K,L,M,N,O,P,Q,R,S,T,U,V,W,X,Y,Z;7;T,V,Z,M,Q,I,S;5;M,U,I,X,Y;6;F,M,P,G,H,Z;
26;A,B,C,D,E,F,G,H,I,J,K,L,M,N,O,P,Q,R,S,T,U,V,W,X,Y,Z;5;Z,I,W,K,Q;6;G,V,Y,R,B,P;5;K,E,R,V,A;
26;A,B,C,D,E,F,G,H,I,J,K,L,M,N,O,P,Q,R,S,T,U,V,W,X,Y,Z;5;V,K,Z,U,J;4;M,K,F,T;5;F,A,W,L,X;
26;A,B,C,D,E,F,G,H,I,J,K,L,M,N,O,P,Q,R,S,T,U,V,W,X,Y,Z;7;M,X,U,L,A,H,Y;5;Z,G,R,M,Q;7;V,N,A,J,X,D,Y;
26;A,B,C,D,E,F,G,H,I,J,K,L,M,N,O,P,Q,R,S,T,U,V,W,X,Y,Z;6;E,A,J,W,S,H;5;G,U,V,Q,C;7;V,L,U,R,C,S,H;
26;A,B,C,D,E,F,G,H,I,J,K,L,M,N,O,P,Q,R,S,T,U,V,W,X,Y,Z;6;Q,C,O,T,D,E;7;F,V,E,R,A,P,S;7;X,T,Q,P,K,S,A;
26;A,B,C,D,E,F,G,H,I,J,K,L,M,N,O,P,Q,R,S,T,U,V,W,X,Y,Z;5;P,E,Z,D,N;7;A,H,I,C,D,R,S;7;N,J,Z,C,F,R,V;
26;A,B,C,D,E,F,G,H,I,J,K,L,M,N,O,P,Q,R,S,T,U,V,W,X,Y,Z;7;B,U,F,L,D,S,V;6;H,M,F,K,P,B;5;M,J,Q,C,L;
26;A,B,C,D,E,F,G,H,I,J,K,L,M,N,O,P,Q,R,S,T,U,V,W,X,Y,Z;6;M,X,P,K,O,H;5;B,G,U,Y,V;7;Z,G,C,S,A,H,Q;
26;A,B,C,D,E,F,G,H,I,J,K,L,M,N,O,P,Q,R,S,T,U,V,W,X,Y,Z;7;H,U,A,K,M,W,L;5;T,S,P,M,H;6;Y,I,E,D,C,R;
26;A,B,C,D,E,F,G,H,I,J,K,L,M,N,O,P,Q,R,S,T,U,V,W,X,Y,Z;5;L,U,Y,V,I;4;V,I,B,Z;7;Z,U,Q,H,L,K,D;
26;A,B,C,D,E,F,G,H,I,J,K,L,M,N,O,P,Q,R,S,T,U,V,W,X,Y,Z;6;V,H,P,W,Z,N;4;Z,I,T,S;5;B,M,A,R,E;
26;A,B,C,D,E,F,G,H,I,J,K,L,M,N,O,P,Q,R,S,T,U,V,W,X,Y,Z;4;H,R,V,D;6;J,W,Z,M,L,V;4;T,J,P,W;
26;A,B,C,D,E,F,G,H,I,J,K,L,M,N,O,P,Q,R,S,T,U,V,W,X,Y,Z;7;H,L,V,O,K,R,E;5;D,W,J,Z,S;7;M,U,C,Q,D,W,P;
26;A,B,C,D,E,F,G,H,I,J,K,L,M,N,O,P,Q,R,S,T,U,V,W,X,Y,Z;4;W,F,E,T;4;H,J,U,I;7;M,E,D,O,R,I,C;
26;A,B,C,D,E,F,G,H,I,J,K,L,M,N,O,P,Q,R,S,T,U,V,W,X,Y,Z;4;Q,W,X,Y;6;A,H,D,F,Z,P;7;D,J,F,W,G,S,O;
26;A,B,C,D,E,F,G,H,I,J,K,L,M,N,O,P,Q,R,S,T,U,V,W,X,Y,Z;6;D,T,F,I,W,R;7;X,Q,K,H,S,N,M;7;E,P,Q,D,L,H,J;
26;A,B,C,D,E,F,G,H,I,J,K,L,M,N,O,P,Q,R,S,T,U,V,W,X,Y,Z;6;T,K,R,N,X,M;4;M,Q,J,G;7;C,L,Z,N,T,Y,G;
26;A,B,C,D,E,F,G,H,I,J,K,L,M,N,O,P,Q,R,S,T,U,V,W,X,Y,Z;7;B,M,X,K,J,Z,Q;5;N,O,U,L,X;5;C,E,Y,F,N;
26;A,B,C,D,E,F,G,H,I,J,K,L,M,N,O,P,Q,R,S,T,U,V,W,X,Y,Z;6;V,B,T,E,L,K;5;N,B,X,Q,O;4;W,S,P,T;
26;A,B,C,D,E,F,G,H,I,J,K,L,M,N,O,P,Q,R,S,T,U,V,W,X,Y,Z;5;X,O,T,R,S;7;X,M,S,Q,H,I,Z;7;X,V,A,O,Z,E,C;
26;A,B,C,D,E,F,G,H,I,J,K,L,M,N,O,P,Q,R,S,T,U,V,W,X,Y,Z;7;G,B,N,O,M,F,R;6;Q,P,H,N,R,F;6;E,N,S,C,K,T;
26;A,B,C,D,E,F,G,H,I,J,K,L,M,N,O,P,Q,R,S,T,U,V,W,X,Y,Z;7;A,L,Y,P,T,X,C;6;M,R,D,Z,T,G;4;E,L,P,K;
26;A,B,C,D,E,F,G,H,I,J,K,L,M,N,O,P,Q,R,S,T,U,V,W,X,Y,Z;4;Y,J,L,R;7;I,J,O,C,N,X,K;4;D,V,T,G;
26;A,B,C,D,E,F,G,H,I,J,K,L,M,N,O,P,Q,R,S,T,U,V,W,X,Y,Z;6;O,H,Z,A,Q,I;6;F,Z,W,I,O,Y;5;Q,E,D,U,L;
26;A,B,C,D,E,F,G,H,I,J,K,L,M,N,O,P,Q,R,S,T,U,V,W,X,Y,Z;5;H,J,D,B,X;7;M,R,V,E,Q,Y,W;7;V,W,Q,S,J,T,D;
26;A,B,C,D,E,F,G,H,I,J,K,L,M,N,O,P,Q,R,S,T,U,V,W,X,Y,Z;6;Q,M,Z,X,F,J;6;W,F,Z,V,G,R;5;A,L,B,W,M;
26;A,B,C,D,E,F,G,H,I,J,K,L,M,N,O,P,Q,R,S,T,U,V,W,X,Y,Z;5;N,D,G,I,A;5;N,T,Q,Y,Z;5;L,B,S,C,Q;
26;A,B,C,D,E,F,G,H,I,J,K,L,M,N,O,P,Q,R,S,T,U,V,W,X,Y,Z;6;B,G,P,A,D,X;7;M,P,D,X,R,C,I;4;R,W,E,X;
26;A,B,C,D,E,F,G,H,I,J,K,L,M,N,O,P,Q,R,S,T,U,V,W,X,Y,Z;7;X,Z,C,O,M,D,G;5;G,Q,I,W,F;7;F,W,S,B,I,Q,U;
26;A,B,C,D,E,F,G,H,I,J,K,L,M,N,O,P,Q,R,S,T,U,V,W,X,Y,Z;4;A,O,H,Q;6;K,W,M,Y,Z,C;5;F,G,Z,D,U;
26;A,B,C,D,E,F,G,H,I,J,K,L,M,N,O,P,Q,R,S,T,U,V,W,X,Y,Z;4;Z,V,W,Y;4;U,E,X,V;5;Z,M,G,Q,Y;
26;A,B,C,D,E,F,G,H,I,J,K,L,M,N,O,P,Q,R,S,T,U,V,W,X,Y,Z;4;L,X,V,B;4;U,T,J,Q;4;D,N,J,R;
26;A,B,C,D,E,F,G,H,I,J,K,L,M,N,O,P,Q,R,S,T,U,V,W,X,Y,Z;6;J,X,V,W,H,Q;6;R,X,D,P,F,E;4;E,G,R,I;
26;A,B,C,D,E,F,G,H,I,J,K,L,M,N,O,P,Q,R,S,T,U,V,W,X,Y,Z;6;W,H,A,Q,Z,O;5;B,O,X,I,N;7;Y,K,E,L,O,B,R;
26;A,B,C,D,E,F,G,H,I,J,K,L,M,N,O,P,Q,R,S,T,U,V,W,X,Y,Z;6;K,N,T,Y,U,F;6;X,P,D,L,Y,Z;5;K,M,D,U,Q;
26;A,B,C,D,E,F,G,H,I,J,K,L,M,N,O,P,Q,R,S,T,U,V,W,X,Y,Z;4;D,C,W,Q;4;K,Q,T,M;4;O,N,I,D;
26;A,B,C,D,E,F,G,H,I,J,K,L,M,N,O,P,Q,R,S,T,U,V,W,X,Y,Z;6;K,Q,D,O,L,Y;7;Q,V,E,T,Y,X,W;4;G,K,W,F;
26;A,B,C,D,E,F,G,H,I,J,K,L,M,N,O,P,Q,R,S,T,U,V,W,X,Y,Z;4;S,U,C,N;7;E,D,S,G,R,H,T;6;R,T,P,Z,Y,W;
26;A,B,C,D,E,F,G,H,I,J,K,L,M,N,O,P,Q,R,S,T,U,V,W,X,Y,Z;7;S,R,H,B,U,D,Y;5;I,W,M,T,J;4;N,Z,C,X;
26;A,B,C,D,E,F,G,H,I,J,K,L,M,N,O,P,Q,R,S,T,U,V,W,X,Y,Z;6;G,R,J,Z,W,B;6;R,S,A,J,F,V;5;N,C,A,F,L;
26;A,B,C,D,E,F,G,H,I,J,K,L,M,N,O,P,Q,R,S,T,U,V,W,X,Y,Z;7;E,L,G,W,B,P,T;5;A,X,P,H,C;4;M,Q,T,R;
26;A,B,C,D,E,F,G,H,I,J,K,L,M,N,O,P,Q,R,S,T,U,V,W,X,Y,Z;7;C,H,U,B,L,N,G;7;F,J,L,S,R,E,I;5;S,T,O,Q,A;
26;A,B,C,D,E,F,G,H,I,J,K,L,M,N,O,P,Q,R,S,T,U,V,W,X,Y,Z;4;Q,B,Y,P;7;G,V,J,M,X,T,Z;5;O,F,Y,V,G;
26;A,B,C,D,E,F,G,H,I,J,K,L,M,N,O,P,Q,R,S,T,U,V,W,X,Y,Z;4;J,F,C,E;4;R,I,V,G;5;I,X,H,M,U;
26;A,B,C,D,E,F,G,H,I,J,K,L,M,N,O,P,Q,R,S,T,U,V,W,X,Y,Z;4;O,A,I,F;5;I,O,C,K,Z;6;J,S,R,Z,B,V;
26;A,B,C,D,E,F,G,H,I,J,K,L,M,N,O,P,Q,R,S,T,U,V,W,X,Y,Z;7;L,U,O,P,Y,S,B;4;E,Z,C,Y;5;Y,T,X,D,F;
26;A,B,C,D,E,F,G,H,I,J,K,L,M,N,O,P,Q,R,S,T,U,V,W,X,Y,Z;4;P,W,V,S;7;A,R,S,W,Y,C,H;4;E,I,B,A;
26;A,B,C,D,E,F,G,H,I,J,K,L,M,N,O,P,Q,R,S,T,U,V,W,X,Y,Z;4;F,R,B,C;4;M,X,A,D;7;O,E,A,P,C,L,N;
19;I,V,N,O,Y,S,L,Z,X,B,J,M,K,C,A,P,W,T,Q;7;O,C,M,N,J,F,W;7;X,O,N,I,R,Z,E;6;B,Q,I,H,P,L;
26;M,N,Z,Q,Y,X,P,W,V,U,R,B,L,J,F,O,C,D,T,S,K,I,E,H,G,A;7;C,V,J,U,H,R,S;7;M,K,X,I,U,R,Y;4;H,C,J,N;
15;X,A,N,O,Z,D,G,W,R,K,Y,V,S,E,H;5;J,O,D,B,F;7;O,Y,J,C,A,G,W;6;M,T,O,G,E,Y;
18;I,J,K,L,Q,Z,E,R,O,C,M,D,S,T,N,P,F,U;5;B,R,L,I,E;4;A,F,C,R;4;O,L,A,T;
17;X,A,M,F,O,Q,R,S,B,K,J,T,C,E,U,L,G;4;O,K,A,H;6;T,G,H,B,V,O;7;K,R,J,A,S,L,F;
18;J,K,Q,D,F,M,U,I,L,Y,N,O,X,B,E,P,G,R;4;V,I,X,Q;4;X,I,N,B;4;T,G,S,X;
16;C,P,Q,U,H,V,D,O,R,B,E,K,G,I,A,F;4;E,X,B,I;7;B,K,X,I,U,Q,R;5;C,X,R,D,L;
18;N,C,Z,I,S,R,G,K,T,U,Y,D,O,H,B,E,X,J;6;B,N,U,D,G,Z;5;K,E,U,Y,L;4;D,K,W,Y;
22;U,K,Z,T,G,Y,B,F,C,M,H,S,X,W,V,R,Q,D,P,J,O,N;6;A,N,L,Z,O,P;7;G,O,D,H,P,Z,X;4;W,E,M,Z;
18;H,R,E,B,C,F,V,T,K,I,G,U,D,A,J,S,L,M;7;L,B,S,G,Z,K,C;4;J,W,V,E;6;F,X,A,P,V,W;
23;D,Z,Q,F,K,T,U,S,E,G,I,B,N,H,R,A,L,J,O,P,M,V,W;4;K,D,U,T;5;T,B,X,G,Q;7;J,T,R,W,M,U,Y;
16;D,N,Z,H,Q,V,O,R,M,G,S,F,I,T,K,J;5;Z,C,G,A,T;7;P,T,E,G,L,B,V;4;B,F,K,I;
14;E,P,Z,T,Y,Q,V,F,X,U,W,G,S,H;4;D,G,V,M;7;D,W,Z,Y,Q,O,J;6;M,F,J,Q,D,Z;
25;K,J,B,C,O,G,R,P,Z,T,E,W,D,A,U,F,H,M,I,L,Q,V,X,N,S;5;B,Y,O,S,H;6;O,T,J,V,P,G;7;G,V,Z,J,M,A,S;
21;F,P,A,E,N,S,U,O,D,B,G,X,K,H,T,V,L,M,I,W,C;5;J,E,A,H,C;5;Z,W,O,C,A;5;C,B,D,P,X;
15;F,G,L,Z,I,Y,K,J,C,B,U,N,S,M,D;5;Q,I,D,W,B;7;G,J,W,X,U,K,I;6;R,I,O,M,H,N;
20;D,G,W,V,S,O,C,J,X,A,E,K,P,L,I,Q,F,R,U,M;5;I,G,M,B,R;5;H,Y,G,F,W;5;G,K,E,T,P;
22;U,K,P,E,A,F,Z,Q,T,S,G,V,X,I,W,D,L,R,M,J,B,Y;6;E,R,S,W,P,D;5;H,Y,B,F,S;6;L,J,Q,F,X,S;
21;D,V,I,O,N,U,C,A,E,F,G,M,H,S,W,X,P,B,J,Q,Z;5;V,P,J,U,S;6;J,B,D,V,P,K;4;Q,O,S,F;
20;G,Z,R,D,B,M,Q,K,X,L,H,V,Y,C,E,J,W,S,O,I;4;K,C,S,F;4;W,I,K,V;5;T,P,G,M,O;
16;R,P,G,V,T,W,A,D,L,K,N,U,F,O,X,I;7;B,T,I,M,C,R,Y;7;A,B,Q,O,K,H,T;6;J,R,C,B,N,U;
21;M,H,C,W,K,E,P,D,A,F,L,X,N,S,O,G,Y,I,J,Z,Q;7;R,W,S,H,J,M,T;5;T,P,R,F,N;6;Y,K,N,F,O,U;
15;U,D,X,L,F,E,G,S,N,O,B,Q,C,M,P;5;D,Q,G,P,I;7;J,K,E,T,N,W,C;6;T,D,J,B,Z,Y;
14;I,L,T,C,U,D,N,V,E,O,S,W,F,K;4;L,Y,U,B;4;L,H,S,U;4;N,M,D,O;
21;P,E,I,W,A,U,K,Z,Y,M,N,V,F,X,J,T,S,Q,R,O,L;7;D,E,T,N,Z,C,W;5;V,W,X,H,D;6;W,Q,F,A,B,I;
24;T,I,B,J,D,M,U,W,P,G,X,C,L,A,V,H,K,Y,E,N,Z,S,R,F;6;P,J,L,Z,R,D;6;L,H,T,I,J,Y;7;E,P,V,D,B,K,F;
23;E,J,N,B,Z,C,W,O,F,Q,A,H,G,P,I,K,Y,L,M,R,S,U,T;5;X,Z,F,Q,W;5;F,R,Q,N,H;5;Q,N,I,D,X;
24;R,J,F,O,X,D,M,K,H,P,S,L,U,Y,N,C,A,Q,T,V,W,Z,I,G;4;A,O,I,X;4;X,Q,R,O;6;L,G,A,O,Q,M;
14;K,W,X,O,H,F,I,P,L,B,M,N,J,Q;5;I,A,U,V,T;4;W,V,E,D;7;X,T,Z,H,B,A,P;
22;S,E,Y,Z,X,U,O,M,K,V,W,T,J,R,F,Q,B,P,L,N,D,I;5;F,P,H,V,U;5;S,M,I,T,H;6;D,Q,J,H,N,S;
26;X,O,I,D,J,G,Y,H,K,W,A,Z,L,V,E,M,N,R,S,P,B,Q,T,U,F,C;6;D,G,A,R,Y,U;6;H,M,G,Y,D,J;5;R,L,B,S,P;
14;C,U,T,K,L,V,W,J,M,F,D,N,O,E;5;A,W,D,M,C;4;H,A,W,D;4;H,G,Z,E;
16;K,I,O,H,J,T,B,L,V,M,X,N,E,P,U,G;4;K,Y,V,T;5;T,R,B,Y,I;5;A,J,S,Y,D;
23;R,Y,U,N,O,C,S,W,Z,M,K,P,X,Q,V,T,L,J,D,A,I,H,G;7;V,J,Z,X,F,I,B;5;D,R,P,Z,Y;4;T,Z,A,C;
19;S,Y,V,Z,P,W,O,A,J,X,T,E,F,U,B,R,C,N,M;5;X,J,A,O,C;6;P,T,W,Y,F,G;4;H,E,Y,F;
16;C,O,B,P,J,A,R,E,U,Q,V,S,T,K,N,W;4;T,N,D,M;4;B,C,J,D;6;G,S,J,P,Z,E;
24;C,R,G,V,B,D,K,J,P,A,X,E,F,I,H,U,W,L,M,N,S,O,T,Y;5;D,G,M,V,S;7;Q,R,J,P,H,B,S;7;F,V,M,H,G,W,O;
21;Z,Q,A,T,Y,X,G,W,J,P,O,F,N,E,K,I,D,V,C,R,L;6;H,J,W,A,K,X;4;Z,J,S,L;4;Z,W,E,U;
14;P,B,K,F,C,Z,O,Q,R,S,E,D,T,Y;5;E,Y,D,R,L;7;Z,T,F,M,L,X,E;7;X,U,Q,P,I,Z,Y;
25;C,M,N,O,P,D,J,B,E,A,Z,Q,U,R,F,G,T,H,V,W,X,S,I,K,L;5;E,U,A,T,N;7;R,N,M,V,S,P,D;7;J,M,K,V,Q,D,R;
19;H,N,A,I,U,M,V,Q,J,K,D,O,R,Z,W,G,L,P,S;7;F,D,T,M,X,Z,W;7;Z,W,J,B,D,L,E;7;U,I,J,X,Y,K,L;
26;X,J,L,G,A,O,P,K,D,M,U,N,Q,R,W,Z,B,Y,S,V,E,T,I,H,F,C;6;X,F,R,H,Y,V;4;U,K,V,I;7;L,W,D,I,C,A,G;
14;N,I,R,M,X,Q,U,O,P,Y,A,V,L,W;6;K,J,M,Q,I,C;4;O,W,P,S;5;W,V,X,Y,T;
26;C,M,P,V,D,Y,I,E,K,W,T,X,Z,U,F,G,S,H,L,B,R,J,N,O,Q,A;7;W,N,V,F,S,G,Y;6;W,H,F,B,M,C;4;V,M,J,O;
15;W,R,M,Q,X,S,H,T,G,U,Y,N,Z,O,P;5;Y,W,L,V,C;6;R,D,X,M,N,P;5;H,E,Q,D,V;
26;V,W,C,H,D,E,I,N,X,T,O,F,U,G,Y,B,P,L,Z,J,A,S,Q,M,R,K;4;B,P,V,O;5;V,D,S,R,Z;7;B,K,W,U,X,N,G;
26;H,S,C,J,X,F,G,D,I,N,O,K,P,Q,Y,E,L,Z,U,M,R,T,V,W,B,A;5;R,C,J,A,T;6;V,Y,M,D,S,I;6;L,K,D,B,J,W;
17;M,X,O,Z,V,W,B,P,Y,N,F,U,C,D,R,G,Q;6;X,Q,I,S,F,K;5;R,Y,G,I,L;4;N,Z,Y,J;
21;E,C,R,F,H,X,G,Q,T,J,D,Z,S,K,I,V,U,L,A,M,W;5;S,D,J,H,Z;4;L,R,J,W;7;M,F,V,Q,S,R,P;
14;B,T,W,K,C,N,O,X,P,L,Y,G,Z,D;4;J,E,F,H;6;Y,H,L,V,C,T;7;Q,C,S,R,Z,H,K;
22;A,F,Y,N,M,J,W,C,V,O,Z,X,E,R,K,D,L,P,B,U,Q,I;7;Y,N,R,K,B,J,A;6;N,U,M,P,T,X;7;Y,V,R,B,S,J,D;
18;L,D,B,F,J,E,T,G,C,H,X,K,O,U,P,I,Y,S;5;T,O,H,D,P;7;O,Y,C,R,S,M,K;5;B,R,A,L,U;
15;R,H,Q,C,D,E,O,U,S,F,T,Y,I,X,J;4;S,I,V,O;7;L,S,P,Y,F,D,O;5;O,B,Y,K,D;
26;I,A,C,U,F,J,V,P,G,W,E,D,H,Q,M,X,Y,K,Z,L,T,S,N,O,R,B;6;N,G,K,H,P,V;4;R,P,H,N;4;B,J,F,V;
18;M,V,U,B,G,K,H,A,Y,S,Z,D,T,L,W,I,J,X;4;J,D,X,F;5;Q,W,T,A,K;6;G,Y,M,V,W,K;
23;L,M,I,E,V,K,F,D,P,G,H,Q,U,W,J,N,O,R,S,T,X,A,B;7;C,P,X,Y,S,K,T;5;P,O,Q,N,L;6;M,O,B,X,P,G;
19;T,F,N,G,P,H,A,B,W,I,J,R,D,U,X,K,L,Q,O;5;X,J,R,C,D;4;I,D,G,W;4;M,X,K,U;
14;C,W,A,I,P,R,X,F,Y,J,U,B,M,N;7;S,V,W,C,A,O,X;4;M,F,A,W;7;A,L,T,W,D,R,Y;
20;V,Y,Z,M,U,N,W,X,T,F,O,P,S,Q,R,G,L,J,K,I;5;F,T,X,H,V;5;I,Z,T,J,L;6;O,J,Q,X,B,P;
21;L,P,E,F,Y,G,R,H,K,X,D,S,W,Z,I,V,N,C,T,J,Q;5;F,G,L,M,S;7;M,S,X,R,O,Y,D;6;O,I,W,J,E,D;
25;N,Q,I,T,H,O,S,U,F,P,V,X,D,R,C,E,G,W,B,Z,Y,M,L,K,J;6;X,G,B,P,E,L;5;C,V,W,B,N;7;Y,X,I,D,G,E,U;
21;A,E,O,F,C,Z,Y,G,R,I,Q,K,X,J,W,B,M,P,D,N,L;5;X,N,V,D,W;6;Q,D,T,R,Y,G;5;N,I,Z,B,V;
22;N,U,K,H,O,V,X,P,L,Q,T,R,B,C,D,Y,E,S,W,Z,I,M;4;D,O,J,V;6;X,K,S,W,I,D;5;T,M,Q,W,A;
15;O,L,M,B,A,U,X,Z,T,K,W,P,J,N,Q;6;H,C,Z,G,D,E;4;M,Q,P,L;5;D,Z,U,L,V;
17;N,G,I,M,U,O,R,E,V,S,F,L,C,W,X,Y,P;5;W,H,O,T,Z;5;P,Z,T,A,Q;6;W,E,T,C,N,G;
14;X,V,C,T,H,Q,N,M,U,O,W,L,R,P;6;Z,F,U,Q,E,A;6;T,G,K,F,J,U;6;A,G,Z,V,P,E;
17;M,C,N,D,X,B,O,W,A,P,E,U,Q,R,F,H,S;4;Z,F,C,E;4;G,L,N,H;6;H,A,X,K,G,U;
26;S,D,H,T,E,P,F,L,X,U,K,M,V,G,C,Q,W,A,Y,R,I,N,Z,O,J,B;7;D,S,X,E,V,J,U;7;V,S,T,N,W,I,G;7;C,U,A,R,S,H,V;
16;M,H,G,Z,I,J,L,Y,K,X,W,V,B,O,P,N;4;Q,D,J,L;4;M,J,X,R;7;B,X,G,A,J,I,Y;
25;S,I,K,T,X,J,G,P,L,M,O,N,Q,R,V,U,H,Y,W,B,C,Z,F,E,D;4;U,H,S,W;5;D,Y,P,W,F;7;J,S,E,Y,W,Z,N;
25;A,B,O,Z,S,C,M,F,P,T,G,Y,D,X,Q,U,E,R,H,V,K,I,W,N,L;4;G,U,V,D;4;O,G,K,M;6;P,B,X,J,V,M;
25;Q,P,L,O,X,N,R,C,S,T,E,Y,V,K,U,W,Z,F,I,M,G,J,H,D,B;5;G,L,X,E,V;5;F,D,H,G,Y;6;F,P,X,H,M,R;
14;T,I,Z,A,J,H,Y,K,R,G,X,B,L,S;5;S,Z,L,K,Y;6;S,O,Z,G,C,Q;7;J,N,P,D,I,S,V;
16;E,W,T,R,A,B,Z,V,X,P,Y,C,U,D,F,O;6;A,U,B,J,O,W;7;F,Q,I,H,P,T,B;5;U,N,D,I,C;
14;H,Z,C,L,D,I,A,B,Y,F,P,Q,U,R;4;D,F,M,T;5;Q,I,T,W,L;7;D,K,H,Z,T,O,B;
21;L,J,A,B,Q,R,M,W,Z,Y,K,C,D,O,P,F,H,U,E,X,G;4;I,A,M,F;5;O,X,B,L,G;5;X,P,I,Y,J;
22;L,M,Y,S,T,O,E,I,J,K,R,U,N,Q,V,W,D,P,G,Z,H,X;5;J,W,D,V,I;4;B,W,M,X;4;U,I,J,Y;
22;P,Q,O,R,M,J,W,V,S,U,A,N,T,Z,F,K,X,L,I,Y,H,G;6;L,U,X,M,T,I;4;V,K,W,H;7;U,R,B,Z,K,M,A;
20;V,C,T,Z,Q,S,L,P,W,E,I,H,Y,J,U,N,G,D,K,M;5;D,P,Y,F,S;6;U,X,D,Z,C,B;6;B,K,Y,E,H,F;
23;Z,B,C,S,H,Y,E,X,D,W,F,T,O,U,G,J,K,I,M,V,R,L,Q;5;D,Y,F,B,A;4;E,O,J,M;5;A,Y,E,C,U;
23;T,X,U,C,O,V,P,Q,L,Y,R,N,M,S,E,W,H,Z,K,G,J,I,D;6;U,A,P,L,J,G;5;U,Y,K,E,H;4;A,C,U,P;
20;D,U,N,O,V,T,B,W,X,Y,R,P,H,Z,S,L,Q,E,A,C;5;B,K,A,N,T;7;M,N,L,B,X,U,D;4;N,F,K,C;
22;L,F,X,R,S,J,G,Y,H,D,Q,E,P,K,B,I,T,U,M,N,V,O;7;R,G,X,E,W,Z,C;6;N,Z,L,T,Q,R;5;O,C,R,F,M;
24;P,I,N,Z,R,S,B,O,K,V,W,Q,J,T,L,M,U,X,Y,C,H,G,F,E;7;I,R,O,W,T,B,M;7;K,C,W,G,J,F,A;7;N,W,B,Q,V,S,X;
19;H,X,O,R,P,L,U,J,V,I,F,N,S,W,K,Q,E,A,Z;4;B,X,S,W;7;E,P,G,Z,W,I,A;7;D,A,K,J,Z,E,W;
15;F,K,Q,O,D,N,Z,R,X,S,H,B,L,M,G;5;O,I,C,F,G;5;S,T,P,V,G;5;O,L,J,X,Z;
21;Y,G,B,U,A,M,S,H,I,Z,C,V,Q,T,N,O,W,X,J,R,P;6;A,E,K,F,W,Q;6;M,G,N,J,C,O;5;S,L,F,I,M;
26;O,T,A,P,H,Y,C,U,I,Q,B,W,M,G,E,N,Z,D,X,F,V,R,S,L,J,K;4;D,U,F,M;4;K,H,N,J;6;P,I,T,K,F,E;
17;F,I,D,V,L,P,Z,M,K,G,E,B,C,H,N,W,J;5;L,B,H,Q,G;7;J,W,N,F,C,R,A;4;N,L,S,U;
15;J,V,W,B,U,Y,X,A,C,K,Z,O,S,D,R;4;I,T,R,A;5;V,C,G,H,A;7;J,U,E,B,R,Y,X;
24;T,Z,D,N,F,X,Y,H,M,W,L,E,S,O,V,R,I,U,G,Q,P,A,K,J;4;C,Z,E,J;4;R,G,B,C;7;V,M,N,W,O,E,A;
24;T,O,A,Y,D,G,N,V,Q,I,R,U,K,L,W,X,C,H,P,E,Z,J,F,M;4;B,A,E,G;7;T,W,X,J,O,R,D;5;E,Y,P,R,H;
25;X,A,G,M,Q,N,R,K,U,B,E,S,Z,T,P,V,L,J,I,O,W,Y,H,F,D;4;X,R,I,N;4;O,Q,I,J;4;R,A,J,M;
26;A,O,N,H,P,I,T,V,M,F,Q,R,B,E,G,J,S,K,L,W,U,X,D,Y,Z,C;7;N,D,S,O,K,G,A;7;H,T,K,E,A,F,L;7;Y,S,Z,N,D,K,F;
14;U,G,F,H,E,S,I,A,D,L,J,V,Y,R;7;W,T,J,B,S,A,L;6;S,W,T,E,N,V;5;H,D,U,M,K;
16;J,B,N,X,O,Y,F,Z,W,K,C,D,V,E,G,T;5;T,H,F,X,A;4;L,Q,E,X;7;N,D,J,M,T,H,L;
21;C,G,I,N,H,J,A,K,R,E,L,M,V,O,B,W,P,Q,X,S,T;7;U,F,M,D,K,C,Z;4;O,H,C,Q;4;E,X,J,O;
15;C,D,E,U,F,M,H,Z,G,Q,B,V,Y,I,N;6;P,Q,Y,S,F,C;4;C,O,Z,T;4;Q,U,X,W;
19;F,D,B,L,M,N,O,G,R,X,H,I,E,T,J,K,P,Q,S;7;V,X,T,W,H,L,U;4;O,U,F,B;7;P,W,T,A,Y,N,U;
20;D,C,E,Y,Q,P,Z,S,T,G,X,H,K,R,U,W,N,V,I,O;4;Q,R,D,Y;6;A,B,T,K,F,U;6;S,P,A,B,I,M;
16;F,D,R,G,J,I,K,P,X,S,L,Y,H,M,N,A;4;G,Z,I,M;4;Z,J,B,N;6;O,Y,U,G,V,B;
25;Y,J,G,E,S,K,I,H,F,C,W,B,T,Z,X,L,R,V,M,U,A,N,Q,D,O;6;K,F,S,J,G,M;4;W,K,N,S;6;B,J,K,S,T,P;
20;I,N,G,R,D,J,W,A,U,H,O,C,S,K,L,P,M,Q,E,T;5;D,W,T,C,H;4;V,S,C,Y;4;H,C,N,X;
16;G,B,K,D,S,X,Z,T,Y,R,M,W,V,E,H,F;7;I,P,O,J,G,M,U;7;M,H,Q,Z,R,L,A;5;J,Q,B,X,A;
21;P,L,X,M,V,Z,U,N,G,S,H,D,E,F,I,J,T,W,K,O,Y;4;E,N,J,C;4;P,V,R,Q;4;F,M,S,W;
23;B,C,N,R,Q,L,D,G,P,S,U,O,T,E,A,Z,V,I,M,F,W,X,J;7;S,B,H,P,Q,L,K;5;W,L,J,Y,M;6;Z,P,U,K,C,T;
24;A,G,M,F,Z,P,X,L,T,N,U,B,V,I,H,Q,W,C,J,O,Y,D,K,E;5;B,F,U,M,I;5;C,P,X,F,S;5;F,T,S,M,W;
24;J,M,N,W,O,B,R,X,K,Y,A,U,Q,H,D,V,Z,T,S,I,P,L,C,G;5;X,D,T,C,U;4;Z,D,B,J;5;C,X,M,G,B;
26;N,D,Y,G,H,M,Z,A,Q,I,P,K,J,W,L,S,E,C,V,T,O,F,R,U,X,B;6;M,B,Q,I,W,K;5;I,P,F,R,W;4;U,C,B,J;
21;D,C,E,Q,B,Z,P,F,S,V,L,H,W,X,A,M,G,I,R,J,T;6;H,Z,R,I,Y,E;4;D,H,C,L;4;Q,P,M,V;
23;T,H,E,N,V,R,L,U,M,P,J,C,W,Q,O,Y,Z,G,K,S,X,I,F;7;D,Z,U,L,S,P,N;4;A,W,P,X;7;J,Y,U,T,V,P,C;
22;J,B,F,V,W,A,T,C,R,X,G,Z,S,K,Y,U,Q,P,L,O,D,M;7;O,P,Z,X,K,C,S;7;I,T,U,B,C,A,G;5;K,G,V,Y,F;
23;Y,P,U,N,O,V,Q,D,R,S,W,Z,X,E,K,C,B,J,T,M,A,L,F;6;H,E,N,G,U,X;7;L,J,H,P,R,D,B;6;Y,N,P,A,T,R;
19;I,X,Y,H,S,Q,G,P,J,Z,T,V,L,N,E,U,W,R,K;7;S,X,Z,V,A,M,Y;4;V,W,K,I;5;N,O,A,S,F;
16;Q,A,B,I,G,F,R,C,N,J,K,L,H,U,X,D;4;Y,J,U,G;6;P,T,B,L,X,S;7;D,G,V,I,Z,O,H;
21;J,X,V,R,P,L,M,Y,Z,K,N,O,W,A,S,Q,T,U,I,H,G;6;B,F,H,T,N,A;6;K,G,X,O,Y,D;5;D,M,R,K,B;
15;K,Q,L,B,W,D,H,A,M,R,N,S,U,Z,E;5;P,I,S,Y,E;6;U,L,O,B,H,K;7;J,S,U,V,T,W,C;
23;T,X,S,Q,M,U,Y,P,F,V,O,Z,I,E,W,R,N,A,G,C,B,L,J;7;O,A,R,L,J,E,P;4;A,W,T,B;5;D,R,N,Z,X;
19;U,I,V,A,R,Z,J,K,X,P,M,L,Y,B,C,T,W,S,Q;5;S,A,R,O,K;7;W,L,H,D,S,Z,M;6;V,T,I,K,X,N;
14;Z,X,R,G,H,Q,A,M,F,C,S,I,D,Y;4;T,I,J,D;5;K,D,N,U,J;7;I,G,F,V,J,D,B;
20;T,G,B,R,K,X,L,F,U,C,A,Z,E,Y,H,D,V,W,I,S;5;D,F,T,B,C;4;E,X,T,I;5;Q,A,B,I,G;
23;U,X,M,N,R,W,P,H,Y,D,Q,V,B,S,C,I,Z,F,E,G,J,T,K;7;H,O,N,U,X,W,T;6;Q,I,R,O,S,A;7;F,Q,B,O,A,P,V;
25;H,P,Q,O,E,V,F,R,C,Y,D,S,B,X,T,W,Z,U,N,M,A,G,I,J,L;6;F,B,Y,N,T,J;6;B,I,F,S,X,R;5;B,U,T,H,L;
16;O,S,V,E,W,L,F,A,G,H,T,P,I,J,N,M;6;C,D,N,O,X,A;5;V,R,T,K,B;7;H,F,W,E,M,A,C;
22;E,G,U,Y,N,D,F,H,O,W,P,J,L,B,Z,I,K,V,X,M,A,T;7;B,I,V,S,W,O,J;5;Q,Y,A,B,E;5;T,K,L,U,B;
26;E,M,Q,H,Z,V,R,W,T,I,A,Y,B,S,N,D,O,P,X,F,U,L,K,J,G,C;7;A,R,I,M,O,D,V;4;A,R,B,D;6;F,R,Y,H,G,A;
19;S,T,L,R,K,U,E,W,V,Q,J,G,X,M,H,Y,I,Z,N;7;D,U,W,F,T,Y,L;5;F,O,J,N,S;4;B,R,Z,P;
22;Z,D,E,Y,S,A,F,X,Q,U,W,B,L,C,V,O,T,R,P,N,M,K;6;C,K,U,Y,W,B;7;W,N,C,Q,T,O,J;4;Q,J,X,H;
21;Y,J,Z,O,G,E,S,T,U,K,Q,X,F,H,W,V,I,A,R,P,L;6;T,R,Z,I,A,X;7;N,L,T,B,A,J,G;4;K,M,B,J;
18;F,J,K,E,T,G,L,Y,X,H,C,M,W,N,Z,V,I,O;7;L,E,Q,F,J,P,W;7;K,S,L,T,G,J,Q;7;Z,Q,J,S,L,E,V;
25;E,S,B,P,K,T,R,X,U,V,Z,F,A,Q,W,G,C,D,H,I,Y,N,O,M,L;6;V,G,C,P,H,K;5;O,B,K,Q,H;7;B,C,W,U,R,T,G;
26;G,F,T,Y,A,N,S,U,E,R,H,X,P,W,B,V,I,J,Z,C,Q,M,K,D,O,L;6;W,L,V,Q,A,R;5;C,P,F,A,W;6;P,O,E,H,F,S;
16;L,A,Y,C,S,X,Q,R,B,D,M,H,E,F,T,G;7;Z,L,J,M,S,F,V;7;P,R,M,A,F,B,W;4;G,D,K,V;
22;M,R,L,P,F,Q,K,T,S,G,I,J,O,N,U,V,C,W,X,Y,Z,H;7;L,R,D,V,U,P,G;7;R,G,O,Q,H,V,B;7;I,J,T,C,F,Y,U;
23;W,I,V,J,Y,L,X,G,Z,H,M,U,Q,C,T,F,A,S,K,R,N,O,P;7;R,L,D,W,H,N,Q;6;W,I,H,R,V,B;6;H,Z,Y,N,M,W;
19;H,J,U,Y,S,E,M,K,G,V,I,L,N,W,X,O,A,Z,P;7;J,F,T,L,N,Z,G;7;F,T,M,R,S,C,P;4;Z,X,P,V;
18;R,U,B,V,E,W,Z,I,K,F,G,X,C,H,J,S,P,T;6;I,B,X,C,F,J;5;Z,M,B,P,U;4;U,J,V,H;
23;X,O,J,S,R,K,T,U,L,P,B,E,F,G,I,D,Q,M,Z,V,A,N,W;6;L,J,D,V,G,P;5;M,V,S,D,I;7;W,S,R,Z,K,B,X;
19;S,I,K,A,L,C,B,D,P,M,E,R,F,T,Q,G,U,H,N;5;K,O,Q,V,A;4;C,F,U,I;5;V,W,B,Y,J;
26;F,A,X,O,G,L,P,I,Y,Z,V,W,U,R,T,B,K,S,N,Q,C,M,J,H,E,D;7;V,I,L,U,G,R,M;5;X,K,N,Q,O;7;M,B,F,S,D,X,Z;
21;E,L,A,V,M,Y,N,Z,J,F,G,B,O,I,Q,P,D,C,K,R,W;6;G,L,E,Z,C,D;6;E,S,Q,B,C,N;4;W,U,G,B;
18;I,V,F,L,X,K,T,W,B,M,Y,R,N,S,C,O,P,U;4;K,I,M,S;6;X,Q,F,S,R,B;6;K,Y,S,V,E,R;
21;P,F,M,G,Q,N,Z,I,Y,O,V,X,E,S,J,T,K,H,U,R,D;4;K,Y,M,L;5;O,W,S,B,M;6;F,P,I,S,E,Z;
18;Y,Z,T,W,J,Q,O,M,B,P,H,K,X,E,F,G,R,U;4;A,F,U,W;5;H,D,Q,U,B;7;F,V,E,C,R,P,M;
26;V,Z,X,Y,W,R,A,P,S,U,T,B,Q,O,N,M,L,K,H,C,D,E,I,F,J,G;4;L,Z,W,E;7;F,Y,L,I,W,D,G;5;H,Z,U,S,N;
24;L,M,D,E,O,R,F,U,J,V,G,P,K,Q,H,C,I,S,N,T,B,W,X,Y;6;M,C,Y,T,H,A;4;X,K,H,L;6;W,Q,Y,X,Z,J;
25;W,Z,F,A,P,L,R,Q,T,U,K,S,V,X,Y,O,C,J,N,D,M,B,I,H,G;7;Y,I,X,O,R,E,L;7;B,Q,E,G,H,Z,J;4;H,S,J,F;
23;K,G,V,Z,O,T,W,J,P,U,B,A,C,H,R,E,F,L,M,I,D,N,Q;6;X,R,I,Y,N,P;6;B,R,V,L,O,I;4;G,Z,K,M;
19;I,F,B,P,O,G,Q,D,R,K,T,V,H,C,E,S,Z,U,J;7;I,M,G,A,E,S,P;6;R,T,Y,V,J,H;4;T,M,E,O;
22;B,V,T,P,Z,U,J,E,C,W,X,L,Y,M,S,K,R,Q,F,D,G,H;6;R,I,Q,N,B,M;4;B,T,L,D;5;F,X,I,R,K;
25;Y,K,O,C,P,J,N,E,Q,L,V,W,D,F,A,G,Z,H,R,B,S,X,U,T,M;4;E,W,P,J;6;O,C,E,T,Y,U;5;C,R,L,N,Y;
21;R,S,B,Y,C,K,D,L,T,N,X,J,A,E,U,V,Z,G,F,P,H;5;M,B,X,F,U;5;X,L,S,P,J;6;I,Z,O,X,J,Y;
16;H,W,S,T,K,C,O,U,V,X,I,F,A,Y,J,L;6;Z,N,L,R,A,H;6;O,A,L,W,E,I;7;Q,U,G,X,T,B,I;
24;D,W,Q,P,K,S,F,R,T,G,E,H,M,I,A,B,L,C,X,J,N,O,U,V;5;G,K,M,U,C;4;C,R,I,N;5;T,U,G,K,V;
20;Y,W,C,N,H,Q,V,Z,F,J,O,S,A,I,K,P,D,R,L,M;7;L,K,O,H,I,Q,E;7;Y,T,C,M,K,U,W;5;P,L,U,S,V;
26;C,U,T,I,W,V,A,X,H,D,E,F,Y,J,Z,S,R,Q,P,B,G,K,O,N,M,L;4;O,J,S,R;7;B,N,V,M,J,Z,A;7;O,U,B,D,A,F,M;
16;Z,K,N,D,F,H,G,Y,O,C,L,U,V,W,A,E;5;U,C,G,Y,L;5;G,P,E,S,V;4;E,Y,G,R;
16;F,Y,G,I,H,J,A,V,T,K,W,X,U,O,N,E;7;E,P,L,J,X,R,A;5;O,E,H,R,W;4;I,G,Y,U;
16;P,J,S,F,T,A,E,K,R,H,U,M,I,Y,L,Q;5;D,A,S,N,J;4;G,S,I,P;7;M,D,O,Z,T,V,L;
16;R,N,M,O,J,D,E,T,P,U,V,F,W,A,X,Q;4;A,D,E,V;7;T,Z,U,N,O,I,H;6;I,K,F,A,N,P;
20;T,F,L,R,M,S,U,N,I,K,V,W,X,G,P,O,Z,Q,J,D;5;O,K,F,Q,Z;4;Y,I,T,G;4;K,F,D,A;
26;Y,L,H,F,Z,X,A,W,N,B,V,M,O,C,D,U,E,I,P,S,Q,R,J,T,K,G;7;J,X,C,D,L,P,Y;6;A,G,Y,L,J,R;4;X,Z,V,K;
20;Z,G,W,X,D,U,I,S,J,K,T,V,L,Y,R,M,O,B,H,E;6;F,J,S,R,Q,K;7;K,G,H,I,Q,S,N;6;C,S,O,G,B,X;
15;O,P,W,X,S,Y,H,Z,Q,V,U,M,T,R,N;4;C,V,A,Q;4;T,E,V,L;5;W,L,C,G,S;
15;P,R,E,C,X,D,Z,S,L,F,T,A,G,M,H;7;W,S,B,H,L,Y,P;7;W,C,L,S,Q,K,X;7;H,M,Y,Z,A,V,D;
26;Q,R,B,P,V,F,N,Y,Z,J,S,T,X,C,K,W,O,U,M,D,L,G,I,H,A,E;4;G,L,W,J;6;K,W,B,I,R,C;5;Y,C,R,A,U;
20;I,O,T,S,L,B,U,J,R,F,W,X,D,Q,A,V,N,Y,Z,P;6;P,R,X,N,D,H;5;B,P,G,X,M;4;J,M,B,F;
24;V,Y,W,G,N,A,Z,X,J,K,C,P,M,Q,F,R,U,S,T,O,H,E,L,I;4;S,D,M,H;5;O,N,Q,L,T;7;V,F,K,U,T,C,H;
23;P,K,L,R,A,B,Y,I,H,N,F,U,Z,O,C,D,E,X,W,J,M,G,Q;5;K,U,P,B,I;6;R,P,Q,M,E,Y;5;X,J,F,T,O;
21;Y,X,G,I,E,T,P,F,U,S,W,Z,L,H,K,J,M,Q,N,B,O;7;I,T,E,O,B,F,H;6;A,P,W,I,F,U;4;K,Y,D,W;
17;A,V,J,Z,K,W,U,L,I,G,P,O,N,M,X,F,Y;7;R,F,S,B,D,G,C;6;P,T,O,M,S,N;7;V,E,Q,Y,Z,D,C;
23;Z,F,H,B,L,G,M,R,W,V,I,J,C,N,K,A,O,S,P,Q,T,U,D;7;W,M,L,R,K,P,O;4;Y,H,U,J;7;U,V,D,W,T,I,Z;
17;F,G,M,B,J,H,D,L,E,C,A,X,I,O,K,N,P;7;S,G,M,W,A,R,P;5;V,Z,O,K,R;6;M,Y,I,C,V,G;
18;S,C,Q,B,T,H,O,Z,E,Y,I,R,J,M,D,L,P,N;5;K,R,E,B,X;4;J,P,E,U;4;I,B,D,Q;
15;T,W,A,Q,N,O,U,G,L,B,P,R,M,K,S;6;H,P,L,J,E,R;6;J,K,N,X,M,U;5;O,I,B,S,D;
16;V,W,P,Q,C,R,M,I,D,J,S,X,T,U,K,O;6;A,T,D,G,C,X;6;S,R,T,Q,B,V;5;S,H,E,R,D;
25;P,S,L,J,D,Q,M,K,A,N,O,R,Z,T,U,F,E,C,B,V,W,X,Y,G,H;7;C,L,K,D,Q,P,T;7;B,O,G,I,Q,R,W;5;Z,I,E,Q,A;
18;X,G,E,A,M,B,F,H,U,Z,V,W,T,Y,P,I,J,S;4;Q,F,B,S;4;H,A,Y,Q;7;Y,Z,I,F,R,D,C;
15;M,Z,T,Y,G,E,W,O,I,A,L,F,J,N,H;6;U,P,J,V,B,X;4;X,J,S,D;4;N,O,I,J;
16;R,O,G,Y,A,B,S,J,T,C,U,D,H,I,F,K;5;B,X,Y,T,U;6;M,W,X,F,H,V;6;A,E,X,F,Z,T;
16;Q,T,B,A,U,N,K,L,M,X,F,I,R,C,Y,O;5;N,R,F,M,B;6;E,Q,K,F,V,O;5;D,L,T,U,O;
19;P,Q,R,U,I,J,L,O,V,D,S,C,M,T,K,F,N,W,X;7;C,X,A,Q,T,J,Y;4;E,F,A,T;5;I,Y,L,B,M;
25;N,H,I,J,C,S,T,P,K,Q,D,U,L,O,Z,G,R,W,V,M,X,Y,F,E,B;4;F,T,L,A;5;X,V,O,C,S;7;N,I,G,H,E,T,A;
14;T,N,L,D,V,Y,W,O,M,P,F,S,R,A;5;F,N,Y,J,X;6;Y,F,B,P,A,M;6;J,Y,U,B,X,N;
19;A,C,U,T,V,J,K,W,S,X,F,D,Z,Y,R,Q,P,H,L;5;P,M,V,Z,O;7;T,I,N,G,K,H,B;6;E,I,T,K,R,D;
25;M,Z,Y,D,N,C,R,O,P,X,J,W,S,T,Q,V,U,L,G,K,I,H,E,F,B;6;B,T,A,C,M,Z;7;I,O,M,C,N,P,A;4;Y,N,Q,G;
17;M,W,X,O,Y,H,E,L,Z,G,P,D,V,C,F,N,U;4;T,U,V,M;7;S,F,Z,J,Y,E,A;5;C,W,I,P,U;
18;E,H,F,N,R,Y,J,D,X,M,G,B,V,I,A,K,C,W;5;E,W,J,F,P;4;V,R,H,D;7;H,J,K,M,G,D,L;
18;V,D,A,Z,I,X,E,J,K,R,F,G,Y,W,U,M,C,L;4;S,R,O,B;7;L,T,N,O,B,S,P;7;A,G,J,X,L,Q,Z;
19;N,S,Z,Y,F,X,E,C,G,Q,L,D,H,R,W,V,A,K,J;5;W,A,F,C,R;7;M,E,O,P,D,V,L;6;U,P,G,S,H,L;
17;T,A,K,V,C,O,U,G,X,W,Y,M,R,D,N,P,B;7;Z,B,V,I,X,K,D;4;K,V,X,W;5;T,X,A,I,L;
24;L,H,D,W,A,O,Z,C,P,G,S,M,X,E,Q,I,J,F,N,R,K,T,Y,U;6;X,R,W,Z,J,S;4;J,F,X,M;4;S,U,B,Q;
26;X,W,K,Z,M,C,U,Y,N,D,T,F,V,B,H,S,G,L,O,Q,P,R,J,I,E,A;4;S,N,M,L;7;Z,A,L,N,D,S,I;6;J,B,H,E,Y,D;
21;X,T,C,L,J,D,M,U,O,Z,N,H,S,K,E,V,F,R,A,Y,W;7;T,Z,J,O,N,H,D;7;N,V,O,L,C,G,J;4;A,Y,O,P;
17;Y,L,B,T,O,M,C,Z,D,H,X,E,W,I,V,U,F;6;W,B,F,I,M,Y;4;E,O,J,C;4;O,W,P,T;
20;O,F,S,M,K,W,Y,X,J,G,H,A,Z,I,U,D,L,N,T,V;5;C,J,F,I,G;4;I,G,X,E;5;T,U,X,P,C;
14;D,E,F,L,Y,T,X,G,P,B,M,N,H,K;7;H,W,B,P,Z,V,Y;4;V,T,M,B;6;Z,Y,U,F,A,E;
18;U,H,M,P,X,V,C,W,I,Q,L,N,Y,Z,R,E,T,S;5;G,N,L,T,W;5;E,O,R,X,I;5;N,R,C,O,X;
14;P,C,T,Q,U,O,R,V,B,Z,Y,H,I,S;6;R,P,Q,S,F,Y;5;V,Y,X,U,N;5;L,F,U,B,S;
24;J,M,N,R,A,B,K,L,C,V,Y,X,T,W,Z,F,O,H,S,G,Q,P,I,U;5;F,C,M,T,R;5;U,Y,F,C,Q;5;S,X,R,A,G;
22;B,C,A,H,M,D,F,O,Z,I,J,U,V,N,K,P,Y,S,L,Q,T,R;5;G,N,T,F,Q;5;R,T,P,Y,O;6;X,K,R,B,L,I;
19;I,K,M,H,Z,F,S,Y,X,E,G,L,U,T,V,W,A,R,Q;7;M,Q,E,I,P,S,V;4;V,J,B,Y;5;U,W,T,K,S;
18;D,E,G,Y,Q,W,Z,P,R,U,A,S,T,N,V,X,O,H;5;T,R,Q,G,C;6;J,T,F,Q,D,N;6;R,Q,F,J,T,D;
22;T,S,K,J,U,Q,C,Z,V,W,E,X,Y,R,F,G,P,O,H,N,M,L;7;Q,X,U,V,L,J,G;6;R,Y,G,H,W,P;6;H,Z,C,F,O,W;
21;Y,Q,I,M,F,U,W,J,G,B,D,E,H,O,K,C,L,N,T,V,P;4;S,T,H,J;5;Q,K,R,Y,O;7;W,X,Y,Z,M,N,J;
21;W,N,X,K,Y,T,Z,U,C,B,E,S,V,H,I,Q,P,F,R,O,M;4;O,F,B,R;4;I,P,M,Y;6;O,L,U,T,I,K;
23;O,A,J,W,S,U,Y,V,Q,Z,L,X,T,R,P,F,N,M,K,B,C,I,H;4;C,S,R,V;4;K,W,V,Y;4;L,Y,R,X;
14;Z,Y,R,X,H,B,J,G,M,W,I,K,L,N;4;Z,S,A,K;6;H,W,P,Y,D,E;6;U,K,F,W,N,Y;
17;E,V,D,T,X,L,H,M,R,W,S,U,I,F,O,G,J;7;U,F,I,B,S,W,O;4;F,N,X,E;5;Y,P,E,T,A;
26;D,H,G,W,Y,Q,L,C,E,J,U,F,X,I,M,K,B,N,Z,V,O,T,P,R,S,A;6;G,R,S,T,N,M;7;E,S,W,P,K,Z,U;7;G,R,N,Y,H,V,A;
23;H,D,Y,K,E,P,Q,I,F,L,G,B,U,A,R,J,M,V,O,C,N,S,Z;6;G,F,X,J,D,I;6;X,W,Q,O,J,B;6;H,Y,D,Z,S,B;
23;S,F,Y,X,Z,A,B,M,W,V,K,U,N,C,T,L,H,P,Q,D,I,J,R;4;J,K,Z,V;4;J,A,F,V;7;O,P,B,T,K,U,L;
17;R,D,U,S,N,A,I,W,P,L,V,X,M,K,O,Y,Q;5;P,Z,D,M,W;4;D,G,L,A;7;C,Y,E,U,F,J,S;
22;N,A,B,O,P,G,X,E,Y,S,K,Z,L,T,U,W,V,M,R,Q,J,I;4;D,H,R,E;7;I,O,F,A,M,B,C;5;S,A,V,I,M;
17;V,J,W,C,E,Z,D,S,T,X,O,Y,F,G,N,H,P;6;C,W,B,I,L,J;4;Z,O,A,C;4;U,B,K,C;
24;M,B,S,C,V,P,D,Q,G,O,H,N,F,R,Y,A,W,U,T,X,I,Z,E,J;6;S,V,N,H,Z,K;7;C,D,M,R,J,H,I;7;Z,Y,A,E,M,C,W;
22;L,P,Q,R,T,W,O,M,U,N,C,V,X,Z,Y,S,K,J,I,H,G,F;4;Q,J,Z,O;7;I,C,K,M,V,O,P;6;D,A,T,S,R,G;
15;X,P,K,Z,Y,F,S,M,L,T,V,W,Q,U,R;4;C,M,D,X;5;D,K,R,W,M;5;W,I,T,P,C;
22;M,B,X,R,C,F,J,I,K,Y,D,V,N,U,L,E,Z,T,O,G,H,W;6;T,R,Z,Q,G,F;7;R,N,K,F,G,I,Z;5;G,Y,D,O,A;
18;K,J,Z,Q,R,T,N,Y,G,H,X,C,S,I,B,U,P,L;7;F,Z,G,X,V,U,T;7;Z,I,E,J,W,R,F;7;F,R,G,B,Z,S,T;
21;I,E,C,O,Y,A,F,J,G,V,X,W,D,R,S,T,L,H,U,B,Z;7;U,W,H,L,F,B,C;6;Y,B,H,G,J,U;6;W,Q,V,R,F,X;
21;Q,U,G,H,R,I,J,O,M,V,S,Y,P,L,T,K,C,N,W,Z,F;6;F,Y,B,N,V,C;6;S,I,L,G,T,U;4;V,D,H,C;
18;U,C,W,M,D,G,E,F,H,I,J,V,K,X,N,L,Y,O;5;F,Z,L,H,U;6;B,K,Z,L,M,S;4;I,E,D,V;
26;U,L,K,W,V,P,X,O,D,R,I,M,E,H,Y,N,Q,S,T,Z,J,A,G,F,C,B;5;P,Q,H,W,R;5;I,V,P,R,J;7;B,E,I,J,C,Y,N;
17;W,G,R,O,S,T,U,D,B,N,H,X,I,Y,F,V,Z;4;X,Z,P,I;5;C,U,B,I,Y;4;X,O,J,V;
14;L,V,P,D,F,A,G,E,S,N,O,K,Q,H;4;T,Y,Q,I;4;F,K,U,E;4;E,D,C,I;
14;J,K,Z,X,A,O,W,Y,V,U,T,G,Q,S;6;Q,O,T,E,C,R;6;B,J,P,R,Z,O;7;O,W,A,J,E,S,T;
20;Q,R,Y,N,S,I,M,T,U,W,V,J,B,X,E,P,L,A,Z,O;6;Z,V,S,A,Y,N;4;T,E,B,V;7;U,B,R,V,H,J,D;
15;U,J,O,D,S,X,Y,E,Z,K,M,L,P,I,C;4;O,M,V,G;4;C,X,S,T;6;F,H,B,G,N,R;
21;B,X,N,E,S,I,L,Z,A,D,O,F,Y,C,G,P,K,Q,M,H,W;7;O,U,Y,K,A,C,D;7;P,F,D,H,Y,K,N;5;A,H,Z,U,S;
23;M,F,N,Z,C,A,W,R,X,D,B,S,E,G,H,Y,V,U,O,Q,T,P,J;4;U,W,P,I;7;G,M,X,H,F,K,E;7;M,Z,T,A,G,I,B;
15;P,J,K,Q,R,U,O,S,G,D,L,T,V,I,X;4;L,D,C,I;5;D,F,U,H,I;7;S,W,H,I,G,P,O;
14;F,W,H,P,L,B,O,A,V,T,K,N,Q,M;5;B,O,R,W,L;5;M,D,W,C,S;5;G,Z,N,R,W;
23;M,R,V,L,P,W,T,C,F,U,S,H,I,X,A,Y,G,D,E,Z,Q,O,N;7;Z,H,A,E,T,L,K;4;N,G,L,S;4;C,X,Q,P;
21;Y,Q,I,E,J,N,F,P,S,C,H,X,K,D,O,B,R,M,G,L,T;4;S,U,Q,M;7;J,H,A,V,Y,U,S;4;J,L,Q,X;
25;R,K,H,O,A,N,Z,P,B,V,W,F,Y,C,T,S,L,E,U,G,J,X,Q,I,M;4;F,M,O,A;7;Y,V,L,X,M,E,S;4;C,N,U,V;
26;O,L,C,E,Q,K,F,G,D,I,M,T,N,S,A,H,J,P,U,R,V,W,B,X,Y,Z;7;E,X,U,H,I,F,C;6;C,U,R,A,L,V;5;Q,N,U,Y,Z;
22;I,N,J,U,L,M,G,O,P,K,Q,R,D,S,T,E,V,Z,W,X,Y,F;6;C,I,T,W,G,F;6;S,E,M,G,A,T;5;P,R,A,W,V;
17;D,B,H,A,S,W,F,E,G,C,X,Q,Y,I,N,R,J;6;K,N,E,G,O,W;6;R,Z,H,B,Y,C;4;S,T,R,E;
23;Y,T,I,U,W,D,C,B,G,K,E,L,O,J,M,Z,A,N,F,P,H,V,S;7;L,P,E,R,Y,G,D;7;U,J,G,T,W,R,V;5;A,H,X,I,T;
15;V,D,Z,C,Y,O,E,H,P,I,J,M,B,S,Q;5;R,G,T,P,Y;4;D,N,I,E;7;U,M,L,X,B,W,V;
25;Z,U,T,I,Q,R,S,L,J,A,Y,X,V,W,P,B,E,K,O,M,N,H,G,F,D;4;V,I,W,Q;6;Z,G,X,A,E,M;6;Y,E,B,Q,G,N;
15;C,L,Q,I,R,S,O,M,N,J,P,W,U,T,V;7;B,X,C,W,Q,O,R;5;Y,O,D,W,M;4;E,I,H,W;
14;K,D,Q,L,Z,S,E,N,V,O,U,M,F,P;6;C,I,Z,U,D,R;6;Y,N,V,P,B,R;6;I,J,T,F,Z,Q;
14;K,O,N,A,R,M,F,S,W,L,P,Q,T,U;7;Q,D,P,U,W,G,Z;4;Y,P,T,U;7;G,Y,V,S,Z,B,Q;
26;A,S,E,N,B,Y,V,T,U,R,W,C,D,O,X,H,Z,F,Q,P,M,L,K,J,I,G;6;J,P,M,Z,U,G;5;T,J,C,E,W;5;E,N,D,S,M;
25;N,R,V,J,W,Y,X,Z,U,T,Q,B,F,E,C,S,P,O,D,M,G,H,I,A,L;4;D,E,X,U;4;T,N,F,K;7;A,Q,E,T,B,V,H;
24;Y,L,N,M,P,F,W,O,Z,D,E,C,Q,R,S,G,H,I,U,J,K,B,X,T;4;T,F,I,U;6;F,H,T,C,W,O;7;M,S,P,F,Z,L,E;
19;O,G,U,B,E,F,C,H,J,X,K,T,R,Y,S,L,P,Z,D;6;V,X,K,I,Q,M;5;J,X,I,V,U;7;M,Z,A,B,V,K,L;
25;W,X,Y,I,E,V,Q,G,F,Z,H,R,J,P,U,S,M,T,O,N,C,L,K,D,B;4;A,U,O,F;6;R,L,A,M,J,B;7;L,N,O,B,E,Q,G;
15;G,Y,T,H,U,I,Z,V,E,J,K,W,M,L,N;6;H,F,X,R,T,J;5;I,Q,B,D,E;6;Z,N,V,U,X,O;
20;X,H,A,G,F,Y,J,S,U,M,T,P,E,Q,I,Z,W,K,R,L;6;D,L,G,V,T,U;5;T,Y,B,C,R;4;J,C,L,R;
24;I,V,U,X,T,J,S,D,W,R,Y,H,E,M,N,F,G,B,K,Z,Q,P,O,L;4;F,R,A,Z;5;Y,K,G,D,M;6;T,M,R,O,H,V;
16;K,O,J,E,Z,N,G,Y,P,C,H,X,W,Q,M,I;4;J,E,X,D;7;P,H,C,K,G,T,M;4;A,J,X,Z;
22;C,L,J,S,T,U,M,A,H,I,O,W,E,N,K,F,V,X,Y,P,Q,D;4;L,H,E,A;4;Z,K,B,E;4;X,J,E,W;
24;M,W,U,P,Z,O,E,N,F,Q,B,G,R,V,S,H,K,X,Y,T,L,C,J,I;4;Z,K,L,P;7;R,C,A,L,Y,W,Z;7;U,D,R,I,H,F,G;
24;R,G,N,Q,S,I,X,W,C,Y,O,H,P,T,J,K,L,F,U,M,V,Z,E,D;5;L,V,J,O,B;5;D,J,X,M,U;5;V,M,K,N,C;
15;L,D,R,I,A,P,T,Q,J,N,V,F,M,O,K;6;A,X,B,I,W,L;7;O,B,V,A,N,W,D;5;T,Y,O,E,U;
24;L,E,M,I,W,T,Q,B,K,J,G,R,S,F,N,X,O,U,Y,P,V,H,Z,D;6;V,A,F,B,C,M;5;T,Y,D,Z,H;5;A,S,Y,J,Z;
19;B,I,Y,X,L,Q,Z,W,V,O,A,K,J,G,M,U,T,C,N;6;Q,F,P,D,C,L;6;J,H,E,D,K,X;6;G,R,B,S,F,O;
18;E,N,Y,L,Z,H,X,W,A,R,J,V,T,B,C,U,D,Q;5;P,D,Y,V,S;4;J,L,M,D;7;W,I,A,M,T,K,V;
15;U,K,J,W,O,X,Y,S,Z,T,L,I,V,R,Q;4;T,N,F,M;7;F,A,S,R,P,L,W;5;X,S,V,A,W;
19;O,I,M,J,P,K,H,S,D,N,W,Q,L,T,R,F,U,V,X;7;Z,P,G,B,Y,R,K;6;P,C,E,Q,N,R;6;B,Y,J,A,O,N;
17;S,V,J,C,N,X,T,Q,R,W,K,L,D,U,M,A,O;7;E,Y,N,T,L,B,Q;7;J,M,Q,D,Z,R,N;4;K,S,I,B;
15;B,X,T,W,V,J,H,I,U,D,A,Y,E,Z,C;4;E,I,W,P;7;O,M,E,I,B,L,P;4;M,W,T,J;
26;B,Z,R,P,L,U,X,V,T,S,G,E,W,D,Y,H,I,Q,C,J,N,O,M,K,F,A;4;G,C,K,S;6;V,A,F,U,S,J;4;K,M,J,S;
20;Y,G,D,Q,Z,C,V,A,N,S,O,T,H,X,P,F,U,B,M,W;4;X,W,Y,P;6;X,L,F,R,I,B;6;X,K,V,W,P,G;
20;S,F,G,Z,C,O,Y,I,U,V,P,H,W,Q,J,K,X,L,T,M;4;P,Q,B,E;6;G,U,T,X,W,Q;4;S,J,V,H;
16;G,V,K,Y,W,N,D,Z,X,L,H,E,M,Q,F,U;7;B,C,A,X,D,V,J;4;E,L,V,W;5;A,F,S,W,B;
15;G,J,Q,O,C,U,D,Z,K,E,N,B,L,H,F;6;T,X,F,Y,Z,J;4;G,F,N,M;4;A,L,B,M;
17;X,Y,Z,W,M,R,S,P,V,H,Q,U,N,T,L,O,K;6;L,T,X,Y,O,W;7;Q,V,D,O,X,U,E;7;Y,S,A,I,V,D,Q;
18;P,Y,A,V,T,W,X,Q,R,K,S,E,B,U,Z,I,O,N;5;Z,F,G,S,E;6;C,R,Z,L,A,F;4;U,J,N,O;
26;J,X,M,E,I,Y,A,K,U,F,P,O,S,D,B,Q,L,Z,V,W,T,R,N,H,G,C;6;Q,V,W,N,I,D;5;L,O,T,H,S;6;L,M,B,F,T,Q;
23;F,A,X,V,J,R,G,I,S,Z,K,H,C,L,O,T,U,M,N,P,Q,W,Y;6;T,A,C,P,Y,X;7;V,A,M,B,W,Y,L;6;F,T,I,V,G,O;
22;U,X,Z,Y,B,W,L,V,C,M,J,T,D,G,R,S,Q,P,N,H,K,O;7;F,S,B,O,U,V,L;5;L,P,R,K,S;5;T,Q,V,I,O;
22;Y,I,C,R,S,E,Q,G,H,T,U,A,V,J,K,W,F,M,L,X,N,O;7;R,B,Z,X,L,Q,P;7;P,U,W,B,C,X,J;7;R,I,Y,L,C,J,V;
19;Q,U,Z,F,T,D,J,C,O,V,N,E,Y,R,S,W,L,X,H;7;Y,C,S,W,V,I,G;7;A,K,F,Q,H,Y,S;7;N,X,S,H,L,Q,T;
24;S,Q,Z,J,K,R,T,E,U,Y,F,L,D,C,M,H,I,N,O,P,V,W,G,X;4;X,Y,H,C;7;L,N,X,M,O,I,Q;6;J,Y,A,D,N,G;
16;A,B,P,U,W,C,H,R,X,Q,S,T,V,Y,N,Z;6;X,N,A,Z,W,C;6;F,B,X,E,J,L;4;Z,B,I,P;
22;U,L,T,D,I,V,N,A,P,J,K,R,O,M,Q,S,Y,W,B,H,C,X;5;X,D,M,U,J;7;A,T,E,O,P,Y,B;4;W,I,N,Y;
21;L,I,Y,Z,R,A,S,P,H,O,T,V,U,Q,M,K,W,X,G,N,F;4;Q,C,D,X;7;X,U,N,O,D,G,B;6;J,S,M,I,Y,O;
20;R,A,K,Z,D,J,P,Y,Q,E,F,U,N,G,B,W,X,V,T,S;5;Y,W,T,F,P;4;Z,E,W,V;4;W,V,R,Z;
23;N,L,F,E,T,G,M,H,A,X,B,I,C,S,Z,D,J,R,O,U,K,P,Q;5;Z,O,V,U,N;7;S,Z,Y,A,L,G,K;5;V,F,E,Q,M;
26;V,J,N,H,Z,G,O,W,Q,B,S,K,F,Y,I,L,M,X,U,C,R,P,T,E,D,A;7;F,I,A,E,X,Q,V;4;T,J,A,E;4;I,F,H,A;
15;F,N,G,D,T,W,Z,H,R,A,K,J,M,E,O;5;F,R,C,I,P;4;L,O,R,I;6;D,W,T,M,Q,S;
19;E,G,T,W,I,B,R,C,F,D,X,H,Y,J,K,P,L,Z,Q;7;D,Z,J,A,G,R,K;7;Y,X,D,R,J,Z,C;5;O,X,R,U,C;
21;W,K,E,Q,L,R,X,F,P,A,G,C,I,M,N,O,D,B,H,J,U;4;S,I,C,K;5;K,R,A,I,D;7;E,S,H,Y,R,D,G;
26;F,T,E,C,O,J,U,H,S,R,V,W,P,Z,G,K,L,X,I,M,Y,Q,N,D,B,A;5;Y,V,W,P,X;7;B,S,P,K,U,R,Y;6;A,C,S,Y,O,X;
22;G,L,Z,C,R,S,V,M,D,J,A,W,E,K,N,X,T,F,U,Q,Y,P;7;H,S,U,A,Z,C,V;6;J,E,S,H,A,Y;4;T,P,A,W;
19;X,R,M,U,Y,S,Z,L,W,N,V,T,Q,P,O,K,J,A,I;7;O,G,L,A,S,X,P;4;G,O,D,R;6;W,C,S,P,F,A;
16;T,L,J,O,V,W,P,X,I,Y,K,S,M,B,U,C;5;C,A,Q,I,E;6;C,T,J,B,E,Z;7;Q,R,T,J,L,K,D;
26;A,V,C,F,O,G,J,S,D,B,M,Y,H,U,I,W,N,E,K,T,L,P,Q,Z,R,X;7;J,U,I,N,R,V,L;5;G,U,K,V,B;5;R,M,F,T,B;
24;A,Y,L,H,I,Z,X,S,U,W,G,R,C,E,B,T,V,D,Q,F,P,O,J,K;6;S,U,Q,H,X,I;6;Q,C,J,Z,U,Y;6;S,V,O,B,R,Y;
22;Y,O,C,T,Z,R,Q,E,S,U,M,X,V,I,F,W,P,G,B,H,D,N;6;O,R,T,L,B,E;5;K,T,D,Y,C;5;J,N,E,H,G;
24;L,W,S,Y,X,F,J,D,Z,V,U,E,N,K,M,H,A,G,O,P,Q,B,T,R;4;D,V,M,K;4;R,Q,M,D;6;B,S,P,A,X,K;
26;T,U,R,G,V,Y,L,J,W,Z,E,X,M,S,Q,N,P,O,F,C,K,I,H,D,B,A;7;U,D,E,I,P,Y,R;7;T,Y,B,O,D,Z,X;7;K,P,D,N,Q,V,Z;
22;O,G,L,K,Z,Q,H,M,N,D,J,S,P,C,X,R,E,I,T,U,F,V;6;C,I,R,E,L,Q;4;N,Y,I,O;5;R,B,S,V,J;
16;F,K,T,O,P,D,R,Y,C,S,M,Z,B,E,Q,H;5;N,X,S,P,G;4;S,G,N,F;5;D,T,A,G,X;
17;V,L,J,F,U,Z,K,O,P,H,E,Q,Y,G,B,R,S;6;U,P,W,Y,C,N;4;P,T,X,M;4;Q,X,R,A;
22;R,M,B,Y,Z,N,O,X,C,A,H,V,W,L,P,Q,T,G,S,I,D,U;6;D,B,T,Z,R,N;7;F,L,Y,U,M,G,P;5;M,F,A,B,Q;
18;L,Q,B,P,J,N,I,F,Y,C,D,A,G,E,W,O,M,X;7;X,O,Y,P,D,H,L;5;Q,G,F,U,S;7;E,F,L,Y,V,G,H;
15;Q,X,H,U,K,D,L,N,R,V,M,B,Y,S,O;6;L,U,O,A,M,E;4;W,B,N,O;7;O,H,T,I,C,M,E;
25;E,C,W,N,P,D,L,T,K,G,A,V,F,H,Q,Y,X,M,I,J,B,S,O,Z,R;5;D,Z,S,B,E;6;L,D,X,R,A,N;4;G,A,F,T;
22;W,R,V,B,O,K,Y,I,M,Z,C,X,D,G,F,U,E,H,T,S,Q,P;7;S,O,P,Y,N,W,K;4;Q,E,K,Y;7;F,T,S,L,E,R,V;
16;T,P,X,G,I,D,N,Z,O,R,K,Q,W,J,Y,F;5;F,L,K,J,P;6;K,H,N,Z,T,I;6;H,Y,V,B,U,O;
21;M,B,I,N,L,O,J,Z,V,W,K,C,D,X,Y,P,A,Q,U,R,S;6;O,A,P,R,E,C;6;A,Q,Z,B,M,Y;4;Z,V,I,H;
23;R,G,D,F,E,Q,N,A,M,S,H,O,I,C,T,B,P,J,U,V,X,K,Y;6;R,Q,A,C,K,H;5;U,S,P,E,K;7;X,A,I,C,N,W,U;
20;X,G,Q,Y,T,J,Z,D,H,I,A,W,V,U,R,K,L,M,B,S;7;G,J,H,S,E,T,N;4;N,Q,K,F;4;Y,W,E,Z;
18;I,F,T,U,L,W,M,X,B,R,V,K,Y,C,H,D,N,Q;6;E,C,R,L,Y,N;5;N,S,G,K,A;5;L,P,W,E,Y;
22;N,J,O,A,T,V,L,U,H,D,B,I,C,W,K,M,X,F,Y,G,P,Q;7;B,P,Y,K,T,L,E;4;R,M,J,G;4;E,S,C,D;
19;I,Y,Z,J,S,K,P,T,F,B,X,Q,M,R,U,W,C,L,V;4;X,J,I,M;5;Z,J,C,Y,R;5;S,Z,K,H,G;
20;G,X,Y,B,R,F,H,S,Z,W,I,T,M,Q,J,L,N,K,D,O;4;V,G,I,N;5;V,B,E,X,I;4;N,F,R,L;
14;I,S,F,J,V,L,D,T,Z,W,X,Q,Y,U;5;I,H,Q,B,N;4;I,D,H,Q;5;A,M,W,I,R;
24;E,M,Q,L,F,G,P,B,R,S,X,T,N,H,U,Y,V,I,D,C,J,K,W,Z;4;F,T,R,C;4;Z,M,Y,Q;5;K,P,L,Z,B;
20;P,I,Q,D,U,R,E,V,S,N,T,W,X,M,Y,J,K,Z,O,L;5;D,M,I,B,L;7;R,F,G,M,K,C,Y;7;F,B,L,Z,J,D,W;
26;W,J,V,A,X,Z,Y,U,F,O,N,T,S,R,Q,P,I,D,M,K,L,H,G,E,C,B;7;E,T,X,F,N,V,U;7;B,U,S,W,T,D,L;6;J,T,A,L,I,V;
14;S,T,W,E,Y,U,J,N,O,D,Z,C,K,X;4;F,J,Y,P;7;Q,L,T,H,V,Y,N;4;Q,O,Y,V;
16;F,J,A,N,O,P,Z,H,L,W,Q,B,U,E,S,R;7;H,E,I,G,X,M,S;5;D,Q,U,K,L;7;F,T,G,M,R,J,C;
18;F,C,I,G,Z,T,Q,U,N,W,H,Y,L,X,V,J,K,S;7;B,Y,M,I,U,A,Z;5;R,N,Z,O,V;7;I,W,Y,H,Z,G,D;
25;U,V,N,R,S,Y,F,T,C,G,W,O,X,Z,Q,P,D,M,L,K,E,J,I,H,B;7;I,N,V,O,Z,S,C;7;F,S,J,V,O,H,U;4;D,K,P,Q;
16;O,S,B,K,V,A,Q,T,W,F,P,Y,Z,R,U,I;6;W,K,Y,L,P,B;4;Q,J,X,W;4;S,D,C,H;
15;N,I,J,L,A,V,B,F,M,U,Y,O,K,P,Q;4;K,E,C,O;5;C,Z,K,Q,R;4;T,J,P,O;
20;P,W,D,K,A,R,E,Z,B,X,L,O,S,M,H,F,C,G,T,I;5;I,Q,X,C,H;7;W,X,J,Q,N,B,Y;5;X,I,D,Q,H;
14;M,E,P,Q,Y,R,C,I,D,G,J,H,L,B;7;H,G,T,L,E,X,U;5;L,P,X,Y,M;4;N,G,P,Q;
25;T,W,H,S,R,I,X,G,B,O,U,Y,V,M,J,N,C,K,D,L,Z,P,F,A,Q;6;X,R,C,Q,N,H;5;O,X,N,P,B;6;I,S,H,T,J,X;
21;U,M,A,N,D,W,X,E,F,V,O,G,P,R,T,K,C,Q,Y,S,L;6;V,M,P,N,I,E;5;A,L,X,H,I;4;M,S,Q,Z;
25;J,P,O,C,S,E,A,R,B,F,M,Y,Z,G,K,D,H,I,L,N,Q,X,T,W,V;4;P,R,D,Q;5;Z,S,P,M,T;4;O,Y,I,U;
15;F,S,T,Y,K,I,U,D,J,Z,L,W,M,G,V;5;F,B,Q,D,O;4;A,N,Q,P;4;A,G,I,R;
26;K,V,H,G,A,O,L,Z,T,U,J,E,B,I,M,N,W,S,R,P,C,Q,X,Y,F,D;4;X,S,N,A;7;U,I,B,Z,J,M,Q;6;S,R,A,N,T,D;
21;C,F,I,Q,L,J,X,T,Z,G,E,U,H,W,V,K,M,N,D,O,S;4;G,K,Q,R;5;F,Q,H,M,K;4;A,H,N,F;
21;K,Q,F,J,R,Y,I,L,X,M,O,N,P,W,Z,S,T,C,V,A,U;5;Y,O,M,L,Z;5;A,L,G,E,D;6;Q,Z,P,K,M,X;
26;Y,D,H,C,B,F,U,E,M,K,N,Q,V,W,I,R,X,Z,J,T,G,L,O,S,P,A;6;Y,C,F,S,P,Q;4;U,L,B,M;7;C,B,Q,O,R,P,G;
14;P,C,J,E,I,K,S,G,A,N,F,Z,B,R;6;Z,S,K,A,N,C;4;X,T,N,W;6;H,U,G,W,O,Q;
25;Y,A,L,O,Z,C,Q,D,K,M,F,J,W,G,N,P,E,H,S,X,R,B,T,U,I;7;F,K,A,Y,D,U,I;7;D,V,H,U,E,R,K;4;N,G,X,W;
24;N,Z,P,U,O,T,M,A,R,I,S,F,Y,X,W,J,V,Q,L,K,H,B,D,G;7;X,T,A,Z,I,W,Q;5;O,F,D,W,Y;5;V,J,I,D,R;
22;M,P,D,I,Z,T,O,Q,U,C,V,W,L,X,G,R,N,S,Y,K,J,E;4;G,M,T,S;4;A,Y,H,X;7;L,T,F,Y,Q,B,N;
25;N,B,J,V,L,H,I,K,M,E,P,O,C,D,Q,F,R,S,T,U,W,X,Y,G,Z;6;R,P,X,B,J,H;5;U,S,N,V,D;5;W,B,M,E,T;
22;P,D,O,B,N,I,G,H,F,J,S,R,Z,U,T,Q,K,E,C,L,M,V;6;Z,D,C,P,U,I;7;S,L,O,D,Q,C,J;4;W,P,Y,H;
15;V,K,S,Z,N,D,W,Y,X,H,A,Q,O,T,U;6;D,X,N,P,E,G;4;O,X,F,I;6;I,M,X,T,L,H;
15;Q,E,N,P,Y,K,T,L,A,C,M,Z,O,R,F;5;M,F,Y,Q,Z;6;M,F,Z,W,R,L;5;A,K,F,Q,D;
16;K,D,J,E,L,X,M,P,Z,Y,W,F,U,B,V,N;7;O,C,I,T,H,P,N;7;U,P,Q,J,Z,L,S;6;V,Z,C,L,X,G;
16;F,H,C,I,N,O,J,D,E,K,G,S,X,L,Y,Z;5;G,H,Z,L,A;6;A,Z,S,L,D,P;5;F,X,S,G,A;
26;I,V,Y,B,Q,J,G,A,R,S,W,Z,C,D,U,X,T,E,P,O,N,H,K,M,F,L;5;O,E,L,D,G;5;R,Y,F,I,W;5;R,Q,L,W,E;
14;A,Y,P,I,E,F,T,H,D,G,X,Z,B,C;7;V,H,N,T,S,L,Z;4;I,R,X,E;6;U,K,O,I,V,Q;
25;S,J,F,R,L,T,E,M,C,Z,P,D,G,W,X,H,I,Q,Y,K,N,O,U,V,B;5;T,X,W,P,R;5;G,D,N,K,U;6;I,Z,U,J,N,Y;
15;G,Z,K,F,I,R,Q,V,S,B,T,U,X,M,H;5;D,U,W,H,J;5;T,Y,C,D,L;5;O,L,P,G,T;
15;N,H,C,Y,T,B,E,A,O,U,I,P,F,D,Z;6;C,A,V,H,G,F;7;V,J,R,A,L,D,Q;5;U,S,W,E,T;
26;T,J,F,K,D,Z,L,O,M,P,W,G,N,H,R,Q,V,Y,S,U,X,A,I,E,C,B;6;P,H,N,Z,I,A;5;G,I,M,S,D;5;V,G,A,O,Z;
22;W,P,Y,Q,T,H,Z,A,O,U,G,K,V,E,S,B,F,I,C,J,R,X;4;R,J,O,U;6;J,E,S,M,R,A;6;U,P,E,R,N,G;
15;S,U,I,M,V,D,N,T,E,W,O,R,Y,G,F;6;I,O,P,F,B,N;4;S,V,E,N;6;L,N,V,D,F,M;
26;L,R,P,I,Z,A,B,Q,N,K,Y,S,D,T,M,V,J,W,X,U,H,O,G,F,E,C;4;V,S,E,A;7;K,B,R,F,I,A,D;4;V,B,M,R;
24;P,D,K,B,G,R,U,Q,X,O,V,H,J,T,Y,L,A,S,W,C,Z,F,E,M;4;C,D,T,E;7;H,Z,D,A,F,S,E;6;X,A,U,W,J,Y;
15;X,C,T,O,Y,J,U,F,K,P,R,Z,H,D,M;5;W,M,I,L,V;7;F,V,K,C,H,Y,U;4;N,E,A,D;
21;A,M,J,F,Q,B,R,U,Y,C,O,Z,V,D,E,X,G,S,W,T,P;5;A,D,E,F,C;7;V,K,I,N,F,E,P;6;F,H,B,Q,K,L;
20;S,A,Q,U,D,Z,R,L,T,B,J,K,M,N,C,V,W,O,I,Y;4;Z,N,U,B;5;H,W,S,X,L;5;P,U,T,K,F;
16;Z,O,Y,P,G,U,D,B,J,Q,H,S,K,C,V,F;5;J,U,Y,K,L;7;Y,C,V,S,D,J,N;5;J,P,Q,S,H;
25;L,A,G,H,N,R,T,I,J,K,X,F,M,C,O,W,Y,B,Z,P,E,Q,S,U,V;6;T,B,V,M,K,Z;4;M,F,B,H;5;M,N,G,C,D;
15;Y,Z,M,B,X,V,C,S,F,N,G,W,T,U,A;6;W,A,U,F,M,P;5;R,Y,E,V,K;7;X,E,T,U,N,F,C;
21;Y,A,I,Z,U,V,T,Q,S,K,W,X,L,M,R,O,J,F,P,N,H;6;H,E,P,A,Y,T;6;O,J,G,Y,Z,B;4;F,P,L,S;
17;M,H,K,Y,G,V,P,F,T,I,Z,Q,N,J,L,O,R;7;F,U,S,W,B,H,E;7;X,N,H,M,W,I,E;5;V,H,E,W,Q;
19;F,X,Y,Q,L,K,V,M,W,Z,N,C,E,O,D,H,I,G,P;5;X,H,A,P,D;6;S,Z,Q,R,M,T;5;D,H,E,O,L;
16;O,U,I,Z,C,B,V,F,D,N,K,S,E,G,H,J;4;R,B,S,G;5;K,Q,I,Z,D;4;K,W,T,P;
15;Q,E,A,W,R,J,B,I,N,F,S,H,T,D,G;6;S,X,Z,C,M,I;6;G,A,U,Y,F,C;7;C,I,W,B,M,D,V;
17;Z,E,L,J,S,F,R,V,Y,D,G,H,T,I,W,K,O;5;L,C,D,N,G;4;X,H,R,Y;5;E,U,Y,L,Z;
22;L,C,D,G,V,O,E,P,Y,F,W,R,T,M,N,Q,B,Z,S,X,U,K;4;M,V,Y,G;5;T,U,I,O,P;6;P,T,C,W,E,I;
19;T,V,N,S,Y,E,D,Z,C,U,W,J,X,R,Q,P,K,I,O;4;V,O,T,Q;4;O,W,C,P;6;B,X,G,D,H,C;
24;H,B,S,A,T,D,G,O,Q,Y,M,I,U,V,L,C,P,E,F,J,R,K,W,X;4;H,X,P,Z;5;Q,X,A,B,C;5;F,J,Y,T,M;
22;J,K,V,R,Y,L,B,W,Z,U,M,F,N,C,X,O,I,T,S,D,P,H;6;D,L,G,U,I,J;6;M,B,R,S,O,V;5;F,C,R,W,P;
21;F,K,G,M,H,I,B,Q,V,U,J,Y,N,R,C,S,Z,T,L,W,A;7;S,V,Q,F,E,D,G;7;X,M,P,T,V,R,Z;6;J,R,L,B,X,D;
26;D,N,W,V,R,H,E,T,X,S,M,U,F,Z,Y,O,Q,G,K,J,P,L,I,C,B,A;6;F,H,W,K,L,T;5;W,G,C,J,X;7;E,H,C,Y,T,P,Q;
17;I,Y,K,V,L,M,Z,N,H,C,W,O,J,X,D,A,P;5;W,V,M,P,H;6;X,P,V,A,J,O;6;E,Q,D,L,Y,M;
16;K,N,O,C,M,X,H,Y,Z,E,D,P,R,F,Q,U;6;A,S,E,W,R,D;6;S,Y,Z,W,F,L;7;B,W,R,N,D,V,T;
25;R,H,Z,O,P,W,A,F,X,K,Q,I,J,G,L,N,S,T,U,V,Y,M,C,E,D;7;V,U,G,A,E,Q,H;4;E,I,N,F;6;Q,G,X,F,P,E;
24;L,B,F,X,S,M,D,E,V,Z,K,Q,W,U,N,Y,O,T,G,R,P,H,J,I;5;Q,I,X,Y,T;7;U,G,T,K,L,V,F;5;I,A,K,Y,U;
19;M,X,T,Y,Z,N,O,G,C,D,J,H,A,W,Q,K,V,U,P;5;T,L,C,N,X;7;C,D,Q,L,G,F,U;7;M,D,K,P,G,C,X;
15;E,B,M,P,S,Q,O,U,F,V,X,Y,J,K,Z;5;N,E,T,Y,B;5;G,V,U,E,K;4;S,I,T,V;
14;C,B,F,A,D,T,S,L,Q,X,H,U,M,Y;6;R,F,V,Q,W,P;5;F,D,O,Q,S;5;M,N,X,P,D;
26;L,I,D,P,U,A,Y,V,N,T,C,E,J,F,G,M,K,O,W,H,S,Q,R,X,Z,B;6;X,F,N,W,D,O;4;I,D,Y,Q;5;K,F,P,A,U;
19;L,F,D,H,G,I,A,K,B,J,U,M,V,T,N,O,P,E,W;7;D,Y,Z,K,B,G,X;5;F,Z,M,E,Q;7;R,B,K,V,U,N,L;
21;B,T,J,Y,R,M,Q,K,I,L,S,C,D,N,U,H,O,P,V,W,E;7;Z,T,W,X,K,S,N;5;Z,C,J,N,T;4;V,A,S,G;
14;T,V,C,K,W,U,Z,I,A,L,X,Y,S,M;4;D,T,H,L;4;A,X,L,V;7;T,N,L,M,S,W,A;
22;M,G,H,I,R,Y,N,C,S,J,K,E,F,Q,O,L,W,P,V,T,U,B;4;A,C,G,X;4;U,Z,B,E;5;R,Q,T,W,X;
16;X,P,Y,B,K,Q,Z,L,M,R,N,I,O,E,U,C;7;T,S,O,P,J,K,M;5;K,O,P,R,D;6;C,W,G,K,B,A;
18;W,R,I,T,A,U,L,P,Q,V,M,X,B,J,N,D,Y,Z;7;Y,O,H,L,E,G,I;7;F,K,S,A,X,G,R;4;V,M,A,X;
20;K,E,X,P,G,H,C,D,I,Y,J,B,V,W,M,R,Z,U,T,S;5;K,X,P,U,R;5;L,B,A,F,V;5;S,M,G,K,E;
23;R,S,W,X,Y,F,T,C,U,V,P,A,Z,I,Q,O,N,M,J,L,K,G,B;6;L,N,T,S,O,J;6;C,G,M,B,O,J;7;L,D,T,N,I,O,P;
14;Y,Q,S,B,F,C,K,M,L,R,Z,A,X,D;4;X,M,R,B;6;S,Y,G,F,U,V;4;K,H,Q,T;
25;I,Z,X,S,Q,G,R,T,C,F,D,V,Y,M,L,E,U,N,O,H,J,W,K,P,A;6;S,H,M,Q,C,T;4;M,T,B,I;6;A,V,O,N,D,R;
20;V,K,U,L,S,B,X,T,M,C,N,Y,J,W,A,Z,O,R,D,P;6;C,N,J,W,F,U;6;Q,M,F,H,E,V;6;R,Z,F,S,W,K;
18;V,A,Y,G,O,Z,X,B,E,D,C,P,M,F,H,K,U,T;4;T,J,P,E;7;I,M,N,G,H,Z,R;6;Q,H,I,M,J,Z;
15;M,P,O,I,H,Z,S,R,J,V,T,K,L,E,G;4;R,G,T,E;6;T,P,I,N,E,L;5;E,L,D,C,G;
18;J,Q,G,H,N,R,I,Y,X,A,K,B,Z,O,L,M,P,S;4;G,R,E,U;5;T,M,X,D,E;4;H,I,S,G;
17;C,T,U,X,Y,D,Z,E,V,F,G,W,M,N,Q,S,R;5;J,Y,D,N,C;4;W,D,J,H;7;K,E,T,M,J,N,I;
15;N,O,A,I,F,P,E,R,Y,D,G,B,S,C,U;4;Y,J,O,Z;4;H,M,P,T;7;R,P,S,K,X,G,T;
20;S,W,U,B,Y,T,C,V,H,F,R,I,G,X,Z,Q,L,P,J,K;7;D,H,T,G,Y,X,S;6;R,K,U,J,H,O;6;Q,N,K,G,I,T;
26;I,U,A,V,Z,W,F,B,D,Y,X,T,S,O,R,Q,E,G,C,P,N,M,J,L,K,H;5;T,K,O,R,H;5;G,M,Q,R,H;7;K,Y,U,H,A,Z,W;
24;O,M,Q,I,R,Y,V,J,S,T,U,K,L,P,N,W,X,F,C,Z,E,H,G,D;5;D,J,C,Y,F;4;I,N,M,V;6;L,A,T,Y,Z,R;
24;M,V,L,A,H,C,W,X,S,Q,R,N,O,D,E,J,T,K,P,U,Z,Y,I,G;5;V,O,L,P,R;5;W,A,H,P,E;5;I,A,N,M,D;
24;T,A,D,O,G,U,B,R,F,E,V,W,K,H,Y,J,X,S,I,Q,L,Z,M,N;4;D,U,E,T;7;L,Y,S,R,A,P,X;6;E,D,O,V,J,Q;
20;Y,M,D,I,P,S,K,T,U,A,X,B,Q,V,C,W,R,Z,O,J;7;I,P,E,T,W,N,G;5;J,S,E,N,C;7;V,B,L,O,F,D,I;
