26;A,B,C,D,E,F,G,H,I,J,K,L,M,N,O,P,Q,R,S,T,U,V,W,X,Y,Z;6;P,I,B,K,N,E;7;V,N,P,I,Y,R,X;7;A,E,U,S,Q,R,F;
26;A,B,C,D,E,F,G,H,I,J,K,L,M,N,O,P,Q,R,S,T,U,V,W,X,Y,Z;4;A,F,E,K;5;H,U,Z,P,A;7;Q,L,K,F,J,M,D;
26;A,B,C,D,E,F,G,H,I,J,K,L,M,N,O,P,Q,R,S,T,U,V,W,X,Y,Z;6;Y,J,S,C,I,P;6;I,M,J,B,S,U;6;X,W,D,T,Q,F;
26;A,B,C,D,E,F,G,H,I,J,K,L,M,N,O,P,Q,R,S,T,U,V,W,X,Y,Z;4;N,Q,K,I;6;F,G,Y,W,X,D;5;R,B,U,E,Q;
26;A,B,C,D,E,F,G,H,I,J,K,L,M,N,O,P,Q,R,S,T,U,V,W,X,Y,Z;7;B,P,V,E,C,K,J;5;H,U,L,Y,P;7;I,O,K,X,E,Y,S;
26;A,B,C,D,E,F,G,H,I,J,K,L,M,N,O,P,Q,R,S,T,U,V,W,X,Y,Z;7;L,Y,G,V,R,Q,A;4;N,I,C,B;5;K,S,Q,V,G;
26;A,B,C,D,E,F,G,H,I,J,K,L,M,N,O,P,Q,R,S,T,U,V,W,X,Y,Z;7;I,F,X,G,Y,N,H;4;A,Q,H,P;5;V,K,Q,P,E;
26;A,B,C,D,E,F,G,H,I,J,K,L,M,N,O,P,Q,R,S,T,U,V,W,X,Y,Z;4;O,X,Z,M;5;I,K,M,B,N;6;K,P,V,H,E,N;
26;A,B,C,D,E,F,G,H,I,J,K,L,M,N,O,P,Q,R,S,T,U,V,W,X,Y,Z;6;Z,M,B,H,N,K;6;V,Q,E,Z,S,X;5;U,R,Y,N,P;
26;A,B,C,D,E,F,G,H,I,J,K,L,M,N,O,P,Q,R,S,T,U,V,W,X,Y,Z;4;T,K,A,G;5;B,F,S,L,P;6;T,B,A,W,D,M;
26;A,B,C,D,E,F,G,H,I,J,K,L,M,N,O,P,Q,R,S,T,U,V,W,X,Y,Z;4;F,N,U,J;5;G,I,S,R,E;4;F,S,P,D;
26;A,B,C,D,E,F,G,H,I,J,K,L,M,N,O,P,Q,R,S,T,U,V,W,X,Y,Z;7;P,L,V,W,B,S,Y;6;U,Q,V,Z,H,D;6;L,X,V,O,J,R;
26;A,B,C,D,E,F,G,H,I,J,K,L,M,N,O,P,Q,R,S,T,U,V,W,X,Y,Z;7;J,H,Y,W,E,A,L;7;D,E,Y,M,Q,U,G;6;F,Z,J,E,B,V;
26;A,B,C,D,E,F,G,H,I,J,K,L,M,N,O,P,Q,R,S,T,U,V,W,X,Y,Z;4;Y,C,U,S;4;A,U,D,H;5;Y,C,M,P,D;
26;A,B,C,D,E,F,G,H,I,J,K,L,M,N,O,P,Q,R,S,T,U,V,W,X,Y,Z;6;H,G,W,M,N,S;6;U,N,F,L,X,W;6;V,G,M,D,F,Q;
26;A,B,C,D,E,F,G,H,I,J,K,L,M,N,O,P,Q,R,S,T,U,V,W,X,Y,Z;5;Z,I,D,T,F;7;L,I,W,Z,R,V,J;4;W,K,J,G;
26;A,B,C,D,E,F,G,H,I,J,K,L,M,N,O,P,Q,R,S,T,U,V,W,X,Y,Z;7;L,G,M,I,R,H,J;4;M,Q,A,H;6;X,Z,D,O,H,Y;
26;A,B,C,D,E,F,G,H,I,J,K,L,M,N,O,P,Q,R,S,T,U,V,W,X,Y,Z;5;W,V,Q,X,A;5;R,N,L,A,B;7;R,X,F,L,Z,S,O;
26;A,B,C,D,E,F,G,H,I,J,K,L,M,N,O,P,Q,R,S,T,U,V,W,X,Y,Z;5;X,H,Z,D,O;7;M,D,E,X,G,Y,S;4;K,I,O,P;
26;A,B,C,D,E,F,G,H,I,J,K,L,M,N,O,P,Q,R,S,T,U,V,W,X,Y,Z;5;Y,M,X,O,A;4;U,X,O,R;5;P,T,R,A,F;
26;A,B,C,D,E,F,G,H,I,J,K,L,M,N,O,P,Q,R,S,T,U,V,W,X,Y,Z;5;F,X,H,A,I;7;K,U,G,P,E,M,N;4;X,M,H,G;
26;A,B,C,D,E,F,G,H,I,J,K,L,M,N,O,P,Q,R,S,T,U,V,W,X,Y,Z;5;G,S,P,L,C;7;J,C,Y,K,Z,E,N;4;D,N,I,M;
26;A,B,C,D,E,F,G,H,I,J,K,L,M,N,O,P,Q,R,S,T,U,V,W,X,Y,Z;5;L,O,X,R,B;4;N,S,D,Z;7;X,J,A,D,W,T,U;
26;A,B,C,D,E,F,G,H,I,J,K,L,M,N,O,P,Q,R,S,T,U,V,W,X,Y,Z;7;F,K,G,X,P,U,J;7;F,M,C,D,T,E,U;5;I,O,Z,F,D;
26;A,B,C,D,E,F,G,H,I,J,K,L,M,N,O,P,Q,R,S,T,U,V,W,X,Y,Z;4;G,B,Y,N;6;I,R,P,Y,T,M;6;R,O,V,F,I,D;
26;A,B,C,D,E,F,G,H,I,J,K,L,M,N,O,P,Q,R,S,T,U,V,W,X,Y,Z;5;C,N,U,M,X;7;M,V,Q,F,Z,E,X;6;B,M,O,D,Z,X;
26;A,B,C,D,E,F,G,H,I,J,K,L,M,N,O,P,Q,R,S,T,U,V,W,X,Y,Z;5;A,S,K,D,L;4;K,I,Z,D;7;M,V,S,I,K,J,L;
26;A,B,C,D,E,F,G,H,I,J,K,L,M,N,O,P,Q,R,S,T,U,V,W,X,Y,Z;7;R,U,A,O,C,G,D;5;X,Z,I,D,S;4;C,K,N,V;
26;A,B,C,D,E,F,G,H,I,J,K,L,M,N,O,P,Q,R,S,T,U,V,W,X,Y,Z;7;F,A,B,U,Q,C,T;4;A,Z,R,Y;6;Q,B,E,F,K,R;
26;A,B,C,D,E,F,G,H,I,J,K,L,M,N,O,P,Q,R,S,T,U,V,W,X,Y,Z;4;L,R,X,G;4;Z,G,B,L;4;I,O,B,H;
26;A,B,C,D,E,F,G,H,I,J,K,L,M,N,O,P,Q,R,S,T,U,V,W,X,Y,Z;4;X,G,L,U;7;M,R,I,O,Q,Y,T;5;D,S,C,F,A;
26;A,B,C,D,E,F,G,H,I,J,K,L,M,N,O,P,Q,R,S,T,U,V,W,X,Y,Z;7;P,J,O,D,X,S,E;5;O,Q,G,J,A;5;I,R,L,Q,X;
26;A,B,C,D,E,F,G,H,I,J,K,L,M,N,O,P,Q,R,S,T,U,V,W,X,Y,Z;6;G,H,R,Q,N,E;6;F,U,J,G,M,W;4;X,Y,L,I;
26;A,B,C,D,E,F,G,H,I,J,K,L,M,N,O,P,Q,R,S,T,U,V,W,X,Y,Z;4;K,T,M,U;4;R,D,F,M;7;V,I,E,D,T,G,S;
26;A,B,C,D,E,F,G,H,I,J,K,L,M,N,O,P,Q,R,S,T,U,V,W,X,Y,Z;6;K,D,V,O,T,Y;7;Y,E,S,X,C,V,H;4;W,G,M,B;
26;A,B,C,D,E,F,G,H,I,J,K,L,M,N,O,P,Q,R,S,T,U,V,W,X,Y,Z;5;K,I,Y,V,G;7;P,C,F,R,H,U,E;7;I,Y,C,A,X,J,Q;
26;A,B,C,D,E,F,G,H,I,J,K,L,M,N,O,P,Q,R,S,T,U,V,W,X,Y,Z;4;B,Q,L,D;7;L,D,S,G,Q,C,H;4;E,A,N,Z;
26;A,B,C,D,E,F,G,H,I,J,K,L,M,N,O,P,Q,R,S,T,U,V,W,X,Y,Z;4;Y,K,M,L;6;P,N,F,K,O,Q;4;B,Q,Y,G;
26;A,B,C,D,E,F,G,H,I,J,K,L,M,N,O,P,Q,R,S,T,U,V,W,X,Y,Z;6;V,G,R,Z,J,O;4;U,B,W,D;4;G,J,H,E;
26;A,B,C,D,E,F,G,H,I,J,K,L,M,N,O,P,Q,R,S,T,U,V,W,X,Y,Z;6;K,M,D,C,P,V;6;U,E,G,F,D,K;4;W,A,S,Q;
26;A,B,C,D,E,F,G,H,I,J,K,L,M,N,O,P,Q,R,S,T,U,V,W,X,Y,Z;7;N,I,X,K,V,F,R;4;K,J,C,L;5;P,G,A,B,N;
26;A,B,C,D,E,F,G,H,I,J,K,L,M,N,O,P,Q,R,S,T,U,V,W,X,Y,Z;6;T,D,I,Q,A,U;4;W,U,P,D;6;W,G,A,K,I,S;
26;A,B,C,D,E,F,G,H,I,J,K,L,M,N,O,P,Q,R,S,T,U,V,W,X,Y,Z;7;G,M,J,H,T,Q,X;7;J,U,Z,N,V,A,O;4;Z,J,X,H;
26;A,B,C,D,E,F,G,H,I,J,K,L,M,N,O,P,Q,R,S,T,U,V,W,X,Y,Z;4;M,I,U,K;7;V,Q,R,D,S,J,P;4;A,U,J,D;
26;A,B,C,D,E,F,G,H,I,J,K,L,M,N,O,P,Q,R,S,T,U,V,W,X,Y,Z;5;J,I,R,G,N;6;B,X,O,V,S,W;6;Y,Q,E,V,X,A;
26;A,B,C,D,E,F,G,H,I,J,K,L,M,N,O,P,Q,R,S,T,U,V,W,X,Y,Z;7;R,E,F,T,A,B,C;5;T,E,S,P,D;6;O,S,L,X,R,N;
26;A,B,C,D,E,F,G,H,I,J,K,L,M,N,O,P,Q,R,S,T,U,V,W,X,Y,Z;6;B,F,A,P,H,S;6;Q,J,F,W,H,M;6;E,O,X,Z,U,V;
26;A,B,C,D,E,F,G,H,I,J,K,L,M,N,O,P,Q,R,S,T,U,V,W,X,Y,Z;5;T,Z,M,X,F;7;Z,R,P,H,Y,G,Q;6;K,O,F,A,I,M;
26;A,B,C,D,E,F,G,H,I,J,K,L,M,N,O,P,Q,R,S,T,U,V,W,X,Y,Z;5;A,R,P,N,I;4;G,L,K,U;4;I,L,A,X;
26;A,B,C,D,E,F,G,H,I,J,K,L,M,N,O,P,Q,R,S,T,U,V,W,X,Y,Z;5;G,B,I,L,N;6;Z,A,T,Q,N,D;7;J,B,I,D,H,W,X;
26;A,B,C,D,E,F,G,H,I,J,K,L,M,N,O,P,Q,R,S,T,U,V,W,X,Y,Z;6;C,E,Y,V,S,Z;6;X,S,B,I,C,V;7;P,N,H,Y,Q,J,S;
26;A,B,C,D,E,F,G,H,I,J,K,L,M,N,O,P,Q,R,S,T,U,V,W,X,Y,Z;4;W,H,D,I;4;Q,N,C,M;5;K,T,P,O,G;
26;A,B,C,D,E,F,G,H,I,J,K,L,M,N,O,P,Q,R,S,T,U,V,W,X,Y,Z;7;O,J,P,B,G,M,C;5;Y,G,E,K,H;4;I,V,N,J;
26;A,B,C,D,E,F,G,H,I,J,K,L,M,N,O,P,Q,R,S,T,U,V,W,X,Y,Z;5;I,P,W,R,O;7;P,C,A,X,E,N,J;4;T,M,C,O;
26;A,B,C,D,E,F,G,H,I,J,K,L,M,N,O,P,Q,R,S,T,U,V,W,X,Y,Z;4;Y,T,K,X;7;R,C,X,Z,A,O,M;7;X,H,K,M,E,L,I;
26;A,B,C,D,E,F,G,H,I,J,K,L,M,N,O,P,Q,R,S,T,U,V,W,X,Y,Z;6;R,Y,I,N,U,E;5;I,M,H,A,Y;7;V,U,P,O,Q,F,D;
26;A,B,C,D,E,F,G,H,I,J,K,L,M,N,O,P,Q,R,S,T,U,V,W,X,Y,Z;4;Q,M,K,P;4;G,K,A,C;5;N,F,K,O,T;
26;A,B,C,D,E,F,G,H,I,J,K,L,M,N,O,P,Q,R,S,T,U,V,W,X,Y,Z;7;H,P,N,Z,B,A,T;5;D,S,R,I,L;5;A,I,M,P,W;
26;A,B,C,D,E,F,G,H,I,J,K,L,M,N,O,P,Q,R,S,T,U,V,W,X,Y,Z;5;C,T,F,A,S;4;D,N,M,R;4;B,L,Y,U;
26;A,B,C,D,E,F,G,H,I,J,K,L,M,N,O,P,Q,R,S,T,U,V,W,X,Y,Z;7;F,N,W,L,A,G,V;7;U,F,W,R,Z,X,C;7;I,X,G,Z,M,Q,F;
26;A,B,C,D,E,F,G,H,I,J,K,L,M,N,O,P,Q,R,S,T,U,V,W,X,Y,Z;6;L,W,G,X,R,Z;7;F,E,J,L,Z,C,Q;7;J,K,W,X,Y,E,S;
26;A,B,C,D,E,F,G,H,I,J,K,L,M,N,O,P,Q,R,S,T,U,V,W,X,Y,Z;7;D,E,K,Z,H,B,R;4;E,X,F,J;6;W,N,X,C,T,R;
26;A,B,C,D,E,F,G,H,I,J,K,L,M,N,O,P,Q,R,S,T,U,V,W,X,Y,Z;5;Z,V,L,S,B;4;M,B,U,V;5;J,C,X,G,S;
26;A,B,C,D,E,F,G,H,I,J,K,L,M,N,O,P,Q,R,S,T,U,V,W,X,Y,Z;7;K,M,P,I,D,X,O;6;G,D,O,Z,B,X;5;M,O,K,J,F;
26;A,B,C,D,E,F,G,H,I,J,K,L,M,N,O,P,Q,R,S,T,U,V,W,X,Y,Z;7;T,R,L,I,X,F,O;6;D,K,U,Q,O,F;4;C,X,V,R;
26;A,B,C,D,E,F,G,H,I,J,K,L,M,N,O,P,Q,R,S,T,U,V,W,X,Y,Z;6;T,E,R,I,Y,K;5;D,Z,S,F,R;7;B,N,G,M,R,I,O;
26;A,B,C,D,E,F,G,H,I,J,K,L,M,N,O,P,Q,R,S,T,U,V,W,X,Y,Z;6;M,S,E,L,O,G;6;N,B,M,G,A,I;5;C,N,K,H,P;
26;A,B,C,D,E,F,G,H,I,J,K,L,M,N,O,P,Q,R,S,T,U,V,W,X,Y,Z;5;V,U,I,M,L;5;V,F,R,N,H;5;A,T,D,Q,P;
26;A,B,C,D,E,F,G,H,I,J,K,L,M,N,O,P,Q,R,S,T,U,V,W,X,Y,Z;7;M,Q,T,O,E,C,Y;6;F,I,N,R,E,G;6;J,G,T,O,A,I;
26;A,B,C,D,E,F,G,H,I,J,K,L,M,N,O,P,Q,R,S,T,U,V,W,X,Y,Z;4;T,R,V,J;5;E,D,A,S,R;5;B,P,J,S,K;
26;A,B,C,D,E,F,G,H,I,J,K,L,M,N,O,P,Q,R,S,T,U,V,W,X,Y,Z;5;H,D,A,M,K;6;F,H,N,E,X,S;5;T,R,U,N,P;
26;A,B,C,D,E,F,G,H,I,J,K,L,M,N,O,P,Q,R,S,T,U,V,W,X,Y,Z;5;Y,Q,T,J,X;6;Z,Q,J,Y,B,A;5;R,X,D,L,V;
26;A,B,C,D,E,F,G,H,I,J,K,L,M,N,O,P,Q,R,S,T,U,V,W,X,Y,Z;4;V,L,E,T;6;J,K,R,X,E,U;7;N,T,D,Z,B,X,R;
26;A,B,C,D,E,F,G,H,I,J,K,L,M,N,O,P,Q,R,S,T,U,V,W,X,Y,Z;6;Y,I,X,S,G,D;7;N,S,W,M,J,X,U;5;N,U,B,Q,C;
26;A,B,C,D,E,F,G,H,I,J,K,L,M,N,O,P,Q,R,S,T,U,V,W,X,Y,Z;4;U,Z,L,O;7;T,E,N,U,S,R,V;6;M,N,R,F,G,T;
26;A,B,C,D,E,F,G,H,I,J,K,L,M,N,O,P,Q,R,S,T,U,V,W,X,Y,Z;5;C,S,Y,F,G;4;J,C,P,T;4;M,V,H,I;
26;A,B,C,D,E,F,G,H,I,J,K,L,M,N,O,P,Q,R,S,T,U,V,W,X,Y,Z;7;K,G,C,P,N,Q,U;5;K,M,G,T,D;5;B,K,W,E,M;
26;A,B,C,D,E,F,G,H,I,J,K,L,M,N,O,P,Q,R,S,T,U,V,W,X,Y,Z;5;N,O,G,A,W;7;R,A,B,E,Y,V,S;5;M,G,O,P,F;
26;A,B,C,D,E,F,G,H,I,J,K,L,M,N,O,P,Q,R,S,T,U,V,W,X,Y,Z;7;Q,A,B,U,K,O,N;7;A,O,S,Q,C,J,T;4;I,D,Y,U;
26;A,B,C,D,E,F,G,H,I,J,K,L,M,N,O,P,Q,R,S,T,U,V,W,X,Y,Z;6;K,W,N,M,H,S;5;P,K,H,Z,Y;6;I,N,O,V,T,A;
26;A,B,C,D,E,F,G,H,I,J,K,L,M,N,O,P,Q,R,S,T,U,V,W,X,Y,Z;7;Z,A,X,W,J,D,B;5;H,S,G,X,E;5;Q,E,B,D,I;
26;A,B,C,D,E,F,G,H,I,J,K,L,M,N,O,P,Q,R,S,T,U,V,W,X,Y,Z;4;V,P,X,A;6;U,V,Y,O,J,E;6;V,A,B,I,E,X;
26;A,B,C,D,E,F,G,H,I,J,K,L,M,N,O,P,Q,R,S,T,U,V,W,X,Y,Z;4;C,N,O,J;7;C,M,D,J,U,B,G;5;P,O,V,Y,T;
26;A,B,C,D,E,F,G,H,I,J,K,L,M,N,O,P,Q,R,S,T,U,V,W,X,Y,Z;4;Z,Q,B,O;6;C,Y,B,W,K,F;5;G,U,M,J,P;
26;A,B,C,D,E,F,G,H,I,J,K,L,M,N,O,P,Q,R,S,T,U,V,W,X,Y,Z;6;D,X,L,O,M,H;4;J,V,R,O;5;T,I,Z,F,Q;
26;A,B,C,D,E,F,G,H,I,J,K,L,M,N,O,P,Q,R,S,T,U,V,W,X,Y,Z;4;E,Y,S,L;7;N,Y,F,P,E,W,L;6;Q,V,D,B,U,W;
26;A,B,C,D,E,F,G,H,I,J,K,L,M,N,O,P,Q,R,S,T,U,V,W,X,Y,Z;4;A,N,S,H;7;R,I,O,M,W,Q,G;5;S,Z,I,H,G;
26;A,B,C,D,E,F,G,H,I,J,K,L,M,N,O,P,Q,R,S,T,U,V,W,X,Y,Z;6;W,E,A,T,C,H;4;E,W,Z,R;7;J,L,Z,T,A,H,Q;
26;A,B,C,D,E,F,G,H,I,J,K,L,M,N,O,P,Q,R,S,T,U,V,W,X,Y,Z;4;V,R,D,K;5;K,X,O,E,J;7;U,T,K,A,V,F,M;
26;A,B,C,D,E,F,G,H,I,J,K,L,M,N,O,P,Q,R,S,T,U,V,W,X,Y,Z;4;L,F,V,S;5;F,G,S,D,O;6;V,C,I,L,Y,Q;
26;A,B,C,D,E,F,G,H,I,J,K,L,M,N,O,P,Q,R,S,T,U,V,W,X,Y,Z;4;W,T,M,F;7;Y,K,U,V,J,B,C;7;H,V,A,C,N,O,P;
26;A,B,C,D,E,F,G,H,I,J,K,L,M,N,O,P,Q,R,S,T,U,V,W,X,Y,Z;6;K,Z,O,G,A,P;5;R,K,T,E,I;7;D,H,L,T,A,C,M;
26;A,B,C,D,E,F,G,H,I,J,K,L,M,N,O,P,Q,R,S,T,U,V,W,X,Y,Z;7;R,U,E,S,J,M,F;6;C,Q,H,N,E,I;7;R,W,A,Q,P,H,X;
26;A,B,C,D,E,F,G,H,I,J,K,L,M,N,O,P,Q,R,S,T,U,V,W,X,Y,Z;4;B,W,K,H;7;J,Q,N,C,G,Y,H;6;T,V,W,M,P,O;
26;A,B,C,D,E,F,G,H,I,J,K,L,M,N,O,P,Q,R,S,T,U,V,W,X,Y,Z;5;M,I,N,W,R;6;K,N,C,G,Q,U;4;E,M,K,Y;
26;A,B,C,D,E,F,G,H,I,J,K,L,M,N,O,P,Q,R,S,T,U,V,W,X,Y,Z;5;F,L,M,C,W;4;G,P,U,Q;6;T,E,B,A,Z,U;
26;A,B,C,D,E,F,G,H,I,J,K,L,M,N,O,P,Q,R,S,T,U,V,W,X,Y,Z;7;P,U,Q,L,R,E,O;4;Q,U,L,V;5;O,V,E,L,N;
26;A,B,C,D,E,F,G,H,I,J,K,L,M,N,O,P,Q,R,S,T,U,V,W,X,Y,Z;6;B,U,A,M,O,K;5;B,I,X,R,Z;5;S,R,X,V,B;
26;A,B,C,D,E,F,G,H,I,J,K,L,M,N,O,P,Q,R,S,T,U,V,W,X,Y,Z;7;H,Y,T,I,S,W,O;5;D,E,A,X,K;7;M,U,J,D,O,Q,R;
26;A,B,C,D,E,F,G,H,I,J,K,L,M,N,O,P,Q,R,S,T,U,V,W,X,Y,Z;6;M,I,U,F,H,Y;4;Q,C,F,K;4;W,A,O,U;
26;A,B,C,D,E,F,G,H,I,J,K,L,M,N,O,P,Q,R,S,T,U,V,W,X,Y,Z;5;G,E,O,M,B;5;S,A,H,R,C;7;J,Y,N,D,O,V,P;
26;A,B,C,D,E,F,G,H,I,J,K,L,M,N,O,P,Q,R,S,T,U,V,W,X,Y,Z;4;S,K,G,P;7;L,P,B,F,H,W,S;4;Q,Z,U,K;
26;A,B,C,D,E,F,G,H,I,J,K,L,M,N,O,P,Q,R,S,T,U,V,W,X,Y,Z;7;T,J,R,P,V,K,I;6;S,Y,R,Z,K,T;5;P,L,W,T,C;
26;A,B,C,D,E,F,G,H,I,J,K,L,M,N,O,P,Q,R,S,T,U,V,W,X,Y,Z;7;V,N,Y,I,C,X,W;5;E,B,O,C,Q;4;J,Z,H,O;
26;A,B,C,D,E,F,G,H,I,J,K,L,M,N,O,P,Q,R,S,T,U,V,W,X,Y,Z;5;G,Z,V,L,C;7;F,K,N,M,E,T,C;4;T,L,W,F;
26;A,B,C,D,E,F,G,H,I,J,K,L,M,N,O,P,Q,R,S,T,U,V,W,X,Y,Z;6;X,Y,I,V,L,T;6;A,W,Y,D,Q,H;6;D,V,Z,B,T,G;
26;A,B,C,D,E,F,G,H,I,J,K,L,M,N,O,P,Q,R,S,T,U,V,W,X,Y,Z;7;P,Z,W,R,A,N,C;5;N,K,J,W,F;6;T,A,G,B,W,L;
26;A,B,C,D,E,F,G,H,I,J,K,L,M,N,O,P,Q,R,S,T,U,V,W,X,Y,Z;6;C,U,H,D,F,S;7;T,F,I,V,Q,Y,A;7;L,V,Y,I,E,F,R;
26;A,B,C,D,E,F,G,H,I,J,K,L,M,N,O,P,Q,R,S,T,U,V,W,X,Y,Z;6;T,Q,L,F,U,A;7;C,O,L,A,E,D,M;7;I,U,C,J,E,M,Y;
26;A,B,C,D,E,F,G,H,I,J,K,L,M,N,O,P,Q,R,S,T,U,V,W,X,Y,Z;6;R,L,D,K,J,F;7;Z,C,M,I,Q,W,G;5;P,K,I,T,X;
26;A,B,C,D,E,F,G,H,I,J,K,L,M,N,O,P,Q,R,S,T,U,V,W,X,Y,Z;5;X,A,W,T,V;4;V,M,Y,R;6;X,M,Q,C,R,U;
26;A,B,C,D,E,F,G,H,I,J,K,L,M,N,O,P,Q,R,S,T,U,V,W,X,Y,Z;6;T,Q,S,P,C,G;6;T,S,B,R,N,F;6;N,P,W,T,F,L;
26;A,B,C,D,E,F,G,H,I,J,K,L,M,N,O,P,Q,R,S,T,U,V,W,X,Y,Z;6;S,U,Z,J,I,X;7;S,U,T,W,L,K,G;5;L,Y,T,H,X;
26;A,B,C,D,E,F,G,H,I,J,K,L,M,N,O,P,Q,R,S,T,U,V,W,X,Y,Z;7;O,Q,D,S,Y,J,X;4;H,W,K,B;5;C,R,Q,F,O;
26;A,B,C,D,E,F,G,H,I,J,K,L,M,N,O,P,Q,R,S,T,U,V,W,X,Y,Z;7;O,S,Z,J,B,T,L;6;A,K,T,Y,J,Z;6;I,V,E,C,O,J;
26;A,B,C,D,E,F,G,H,I,J,K,L,M,N,O,P,Q,R,S,T,U,V,W,X,Y,Z;5;A,G,S,L,O;4;H,W,S,O;4;T,X,L,Z;
26;A,B,C,D,E,F,G,H,I,J,K,L,M,N,O,P,Q,R,S,T,U,V,W,X,Y,Z;4;V,N,H,C;6;B,T,M,S,F,Z;4;X,U,J,P;
26;A,B,C,D,E,F,G,H,I,J,K,L,M,N,O,P,Q,R,S,T,U,V,W,X,Y,Z;4;L,X,D,W;5;E,S,L,Z,O;7;Q,U,O,R,E,V,M;
26;A,B,C,D,E,F,G,H,I,J,K,L,M,N,O,P,Q,R,S,T,U,V,W,X,Y,Z;5;X,J,V,U,K;5;U,K,G,J,W;5;Q,S,Y,A,O;
26;A,B,C,D,E,F,G,H,I,J,K,L,M,N,O,P,Q,R,S,T,U,V,W,X,Y,Z;6;V,R,S,U,M,P;4;L,Z,W,J;5;R,U,F,H,J;
26;A,B,C,D,E,F,G,H,I,J,K,L,M,N,O,P,Q,R,S,T,U,V,W,X,Y,Z;5;S,Z,Y,C,L;6;P,K,X,Q,R,U;7;P,O,K,A,T,F,N;
26;A,B,C,D,E,F,G,H,I,J,K,L,M,N,O,P,Q,R,S,T,U,V,W,X,Y,Z;6;P,M,X,B,C,W;6;Z,I,R,V,H,A;4;M,F,Z,K;
26;A,B,C,D,E,F,G,H,I,J,K,L,M,N,O,P,Q,R,S,T,U,V,W,X,Y,Z;5;I,B,J,W,Q;7;W,D,B,X,N,R,H;6;P,E,I,K,C,Y;
26;A,B,C,D,E,F,G,H,I,J,K,L,M,N,O,P,Q,R,S,T,U,V,W,X,Y,Z;6;L,E,U,N,V,S;5;S,R,N,C,W;6;Y,N,V,L,G,U;
26;A,B,C,D,E,F,G,H,I,J,K,L,M,N,O,P,Q,R,S,T,U,V,W,X,Y,Z;5;B,U,T,R,V;6;B,U,S,N,H,D;4;V,W,E,Q;
26;A,B,C,D,E,F,G,H,I,J,K,L,M,N,O,P,Q,R,S,T,U,V,W,X,Y,Z;6;H,C,Y,M,N,D;7;U,T,O,N,F,A,J;7;K,C,N,U,R,I,S;
26;A,B,C,D,E,F,G,H,I,J,K,L,M,N,O,P,Q,R,S,T,U,V,W,X,Y,Z;5;I,R,C,W,F;6;Q,Y,D,U,P,B;5;M,V,T,S,Y;
26;A,B,C,D,E,F,G,H,I,J,K,L,M,N,O,P,Q,R,S,T,U,V,W,X,Y,Z;6;Q,Y,J,N,K,W;4;K,R,V,E;4;S,Z,B,X;
26;A,B,C,D,E,F,G,H,I,J,K,L,M,N,O,P,Q,R,S,T,U,V,W,X,Y,Z;5;Q,D,P,S,A;6;R,G,E,U,V,L;6;X,G,Y,V,S,R;
26;A,B,C,D,E,F,G,H,I,J,K,L,M,N,O,P,Q,R,S,T,U,V,W,X,Y,Z;7;E,O,X,M,H,L,Q;4;K,R,P,T;6;Y,H,T,M,S,A;
26;A,B,C,D,E,F,G,H,I,J,K,L,M,N,O,P,Q,R,S,T,U,V,W,X,Y,Z;6;U,F,G,N,K,M;4;L,H,G,N;6;L,J,I,E,V,O;
26;A,B,C,D,E,F,G,H,I,J,K,L,M,N,O,P,Q,R,S,T,U,V,W,X,Y,Z;7;K,P,U,S,V,A,R;6;K,Y,T,O,Q,N;7;M,K,Y,W,Z,N,G;
26;A,B,C,D,E,F,G,H,I,J,K,L,M,N,O,P,Q,R,S,T,U,V,W,X,Y,Z;6;V,Y,Z,C,K,S;4;Y,R,F,X;4;F,J,B,A;
26;A,B,C,D,E,F,G,H,I,J,K,L,M,N,O,P,Q,R,S,T,U,V,W,X,Y,Z;6;Q,E,I,W,J,O;6;P,F,Q,O,G,V;6;M,N,S,R,T,V;
26;A,B,C,D,E,F,G,H,I,J,K,L,M,N,O,P,Q,R,S,T,U,V,W,X,Y,Z;5;N,T,R,W,V;4;V,J,B,N;6;H,F,L,V,G,U;
26;A,B,C,D,E,F,G,H,I,J,K,L,M,N,O,P,Q,R,S,T,U,V,W,X,Y,Z;4;O,T,H,M;4;U,B,H,Q;6;T,M,H,N,K,X;
26;A,B,C,D,E,F,G,H,I,J,K,L,M,N,O,P,Q,R,S,T,U,V,W,X,Y,Z;4;H,W,Y,Q;4;C,Z,I,W;7;K,I,W,U,J,T,F;
26;A,B,C,D,E,F,G,H,I,J,K,L,M,N,O,P,Q,R,S,T,U,V,W,X,Y,Z;7;D,X,W,U,L,N,H;7;M,P,C,L,H,I,J;4;A,B,S,V;
26;A,B,C,D,E,F,G,H,I,J,K,L,M,N,O,P,Q,R,S,T,U,V,W,X,Y,Z;4;S,L,B,X;4;O,M,R,X;5;B,U,I,E,W;
26;A,B,C,D,E,F,G,H,I,J,K,L,M,N,O,P,Q,R,S,T,U,V,W,X,Y,Z;5;E,P,Z,R,W;4;K,V,G,Q;4;T,Z,J,F;
26;A,B,C,D,E,F,G,H,I,J,K,L,M,N,O,P,Q,R,S,T,U,V,W,X,Y,Z;7;C,K,V,H,Y,U,R;4;A,N,I,X;4;R,T,C,Z;
26;A,B,C,D,E,F,G,H,I,J,K,L,M,N,O,P,Q,R,S,T,U,V,W,X,Y,Z;7;O,N,M,W,C,E,G;4;E,H,S,U;7;T,M,S,Z,L,K,I;
26;A,B,C,D,E,F,G,H,I,J,K,L,M,N,O,P,Q,R,S,T,U,V,W,X,Y,Z;5;Z,H,O,N,K;6;T,I,M,Q,D,V;7;X,L,Y,G,C,U,Z;
26;A,B,C,D,E,F,G,H,I,J,K,L,M,N,O,P,Q,R,S,T,U,V,W,X,Y,Z;5;R,F,B,P,X;4;L,T,C,X;5;P,J,A,O,Q;
26;A,B,C,D,E,F,G,H,I,J,K,L,M,N,O,P,Q,R,S,T,U,V,W,X,Y,Z;7;I,G,S,L,H,O,Q;5;M,P,B,S,C;5;M,I,B,Q,Z;
26;A,B,C,D,E,F,G,H,I,J,K,L,M,N,O,P,Q,R,S,T,U,V,W,X,Y,Z;6;B,P,D,C,A,V;4;I,M,G,R;7;A,M,P,G,V,J,I;
26;A,B,C,D,E,F,G,H,I,J,K,L,M,N,O,P,Q,R,S,T,U,V,W,X,Y,Z;5;A,Z,Y,J,P;4;V,L,T,B;6;M,A,T,X,G,S;
26;A,B,C,D,E,F,G,H,I,J,K,L,M,N,O,P,Q,R,S,T,U,V,W,X,Y,Z;4;E,D,U,J;6;A,X,W,Q,R,G;6;Q,U,V,P,Z,L;
26;A,B,C,D,E,F,G,H,I,J,K,L,M,N,O,P,Q,R,S,T,U,V,W,X,Y,Z;5;X,H,J,Z,D;6;I,N,E,T,A,P;4;Y,G,O,F;
26;A,B,C,D,E,F,G,H,I,J,K,L,M,N,O,P,Q,R,S,T,U,V,W,X,Y,Z;4;M,Z,P,H;7;G,Z,N,W,A,X,R;4;X,F,E,O;
26;A,B,C,D,E,F,G,H,I,J,K,L,M,N,O,P,Q,R,S,T,U,V,W,X,Y,Z;7;Q,M,O,J,X,I,Z;7;Z,A,H,N,T,E,C;6;F,L,G,Q,T,J;
26;A,B,C,D,E,F,G,H,I,J,K,L,M,N,O,P,Q,R,S,T,U,V,W,X,Y,Z;6;Z,C,Q,S,O,N;4;T,C,V,X;5;H,P,B,F,Z;
26;A,B,C,D,E,F,G,H,I,J,K,L,M,N,O,P,Q,R,S,T,U,V,W,X,Y,Z;5;P,G,E,O,Z;6;M,C,F,K,B,V;6;R,X,T,A,D,U;
26;A,B,C,D,E,F,G,H,I,J,K,L,M,N,O,P,Q,R,S,T,U,V,W,X,Y,Z;5;G,X,S,V,T;6;L,X,Y,A,F,R;4;C,X,W,U;
26;A,B,C,D,E,F,G,H,I,J,K,L,M,N,O,P,Q,R,S,T,U,V,W,X,Y,Z;6;C,F,S,X,N,G;6;E,L,O,P,J,B;4;N,L,V,I;
26;A,B,C,D,E,F,G,H,I,J,K,L,M,N,O,P,Q,R,S,T,U,V,W,X,Y,Z;7;D,K,A,S,L,Y,P;5;R,C,Y,N,T;6;A,H,Q,E,J,I;
26;A,B,C,D,E,F,G,H,I,J,K,L,M,N,O,P,Q,R,S,T,U,V,W,X,Y,Z;6;I,E,R,Y,P,Z;4;B,G,C,O;4;U,P,H,R;
26;A,B,C,D,E,F,G,H,I,J,K,L,M,N,O,P,Q,R,S,T,U,V,W,X,Y,Z;6;O,E,M,D,F,P;5;T,Y,I,D,U;6;L,X,Q,O,T,K;
26;A,B,C,D,E,F,G,H,I,J,K,L,M,N,O,P,Q,R,S,T,U,V,W,X,Y,Z;4;Y,G,A,V;4;E,S,L,N;5;C,E,F,G,W;
26;A,B,C,D,E,F,G,H,I,J,K,L,M,N,O,P,Q,R,S,T,U,V,W,X,Y,Z;5;I,Q,C,T,K;7;X,C,G,T,U,I,K;6;E,P,N,Q,T,C;
26;A,B,C,D,E,F,G,H,I,J,K,L,M,N,O,P,Q,R,S,T,U,V,W,X,Y,Z;5;S,F,V,R,O;4;W,F,U,Y;4;K,H,T,I;
26;A,B,C,D,E,F,G,H,I,J,K,L,M,N,O,P,Q,R,S,T,U,V,W,X,Y,Z;7;Y,V,W,K,H,L,R;5;T,O,N,B,K;6;C,J,E,M,F,G;
26;A,B,C,D,E,F,G,H,I,J,K,L,M,N,O,P,Q,R,S,T,U,V,W,X,Y,Z;7;E,L,W,K,P,F,C;6;V,D,Y,R,Z,P;4;O,N,T,P;
26;A,B,C,D,E,F,G,H,I,J,K,L,M,N,O,P,Q,R,S,T,U,V,W,X,Y,Z;7;J,H,T,R,K,Q,U;6;H,O,S,Z,M,T;4;H,R,O,V;
26;A,B,C,D,E,F,G,H,I,J,K,L,M,N,O,P,Q,R,S,T,U,V,W,X,Y,Z;6;R,V,T,F,L,C;4;T,F,V,A;7;Z,P,A,R,Y,E,L;
26;A,B,C,D,E,F,G,H,I,J,K,L,M,N,O,P,Q,R,S,T,U,V,W,X,Y,Z;4;U,C,J,Q;5;C,M,Q,P,A;4;B,Q,X,H;
26;A,B,C,D,E,F,G,H,I,J,K,L,M,N,O,P,Q,R,S,T,U,V,W,X,Y,Z;4;D,H,U,S;7;O,F,M,Y,D,K,L;6;J,V,G,P,E,Q;
26;A,B,C,D,E,F,G,H,I,J,K,L,M,N,O,P,Q,R,S,T,U,V,W,X,Y,Z;5;F,J,Z,U,P;4;V,P,N,S;6;U,W,T,V,G,N;
26;A,B,C,D,E,F,G,H,I,J,K,L,M,N,O,P,Q,R,S,T,U,V,W,X,Y,Z;5;G,O,Z,Y,Q;4;C,U,J,K;7;C,X,P,Q,U,W,M;
26;A,B,C,D,E,F,G,H,I,J,K,L,M,N,O,P,Q,R,S,T,U,V,W,X,Y,Z;4;Z,O,V,Q;5;K,E,F,P,D;5;F,Y,M,P,V;
26;A,B,C,D,E,F,G,H,I,J,K,L,M,N,O,P,Q,R,S,T,U,V,W,X,Y,Z;4;Z,N,Y,D;5;H,G,M,T,D;5;D,Z,M,G,P;
26;A,B,C,D,E,F,G,H,I,J,K,L,M,N,O,P,Q,R,S,T,U,V,W,X,Y,Z;6;W,M,X,Z,H,V;5;J,P,Q,O,I;4;P,F,M,N;
26;A,B,C,D,E,F,G,H,I,J,K,L,M,N,O,P,Q,R,S,T,U,V,W,X,Y,Z;4;N,B,S,K;7;M,H,A,Z,W,O,G;7;M,P,E,T,R,I,N;
26;A,B,C,D,E,F,G,H,I,J,K,L,M,N,O,P,Q,R,S,T,U,V,W,X,Y,Z;4;T,O,L,M;4;R,T,J,O;5;F,N,P,C,V;
26;A,B,C,D,E,F,G,H,I,J,K,L,M,N,O,P,Q,R,S,T,U,V,W,X,Y,Z;6;Q,R,F,H,O,S;4;H,P,X,L;5;J,C,T,Q,B;
26;A,B,C,D,E,F,G,H,I,J,K,L,M,N,O,P,Q,R,S,T,U,V,W,X,Y,Z;5;N,L,R,X,B;7;B,S,O,V,X,F,Y;7;P,U,X,Y,I,C,T;
26;A,B,C,D,E,F,G,H,I,J,K,L,M,N,O,P,Q,R,S,T,U,V,W,X,Y,Z;5;G,X,K,P,U;4;J,Q,Y,E;6;T,E,Z,U,A,B;
26;A,B,C,D,E,F,G,H,I,J,K,L,M,N,O,P,Q,R,S,T,U,V,W,X,Y,Z;5;G,Y,W,A,V;7;R,C,F,O,W,Y,J;6;W,N,Z,J,X,B;
26;A,B,C,D,E,F,G,H,I,J,K,L,M,N,O,P,Q,R,S,T,U,V,W,X,Y,Z;7;H,R,A,B,O,P,M;4;M,D,Z,K;5;T,L,D,U,E;
26;A,B,C,D,E,F,G,H,I,J,K,L,M,N,O,P,Q,R,S,T,U,V,W,X,Y,Z;7;L,I,X,E,K,Q,S;4;R,V,P,N;7;D,W,K,F,C,P,X;
26;A,B,C,D,E,F,G,H,I,J,K,L,M,N,O,P,Q,R,S,T,U,V,W,X,Y,Z;4;P,Y,Z,B;7;R,W,X,T,L,M,V;7;J,M,Q,N,Z,K,F;
26;A,B,C,D,E,F,G,H,I,J,K,L,M,N,O,P,Q,R,S,T,U,V,W,X,Y,Z;5;D,I,C,H,N;6;W,A,T,V,H,F;6;N,T,B,R,Q,A;
26;A,B,C,D,E,F,G,H,I,J,K,L,M,N,O,P,Q,R,S,T,U,V,W,X,Y,Z;6;E,L,K,B,G,F;5;Y,Z,N,U,G;7;P,F,W,J,V,Q,U;
26;A,B,C,D,E,F,G,H,I,J,K,L,M,N,O,P,Q,R,S,T,U,V,W,X,Y,Z;7;Y,G,S,W,D,L,E;6;V,P,E,O,R,S;6;D,Y,K,H,B,L;
26;A,B,C,D,E,F,G,H,I,J,K,L,M,N,O,P,Q,R,S,T,U,V,W,X,Y,Z;4;W,Z,F,B;7;Y,B,Q,W,U,Z,T;5;O,U,M,C,Q;
26;A,B,C,D,E,F,G,H,I,J,K,L,M,N,O,P,Q,R,S,T,U,V,W,X,Y,Z;7;Y,W,P,G,M,C,J;7;D,U,V,N,W,H,C;7;D,O,S,N,E,A,T;
26;A,B,C,D,E,F,G,H,I,J,K,L,M,N,O,P,Q,R,S,T,U,V,W,X,Y,Z;7;X,A,I,S,H,E,Y;5;A,V,K,R,N;6;Q,R,O,A,B,P;
26;A,B,C,D,E,F,G,H,I,J,K,L,M,N,O,P,Q,R,S,T,U,V,W,X,Y,Z;6;X,C,L,K,A,N;4;B,U,Y,H;4;C,R,G,N;
26;A,B,C,D,E,F,G,H,I,J,K,L,M,N,O,P,Q,R,S,T,U,V,W,X,Y,Z;5;K,P,N,Y,F;6;S,W,P,X,N,D;6;B,N,A,W,F,Q;
26;A,B,C,D,E,F,G,H,I,J,K,L,M,N,O,P,Q,R,S,T,U,V,W,X,Y,Z;4;G,T,S,H;6;S,Y,F,W,I,Q;6;Q,G,C,K,D,L;
26;A,B,C,D,E,F,G,H,I,J,K,L,M,N,O,P,Q,R,S,T,U,V,W,X,Y,Z;5;D,P,L,C,T;7;W,K,T,Z,A,Q,V;5;G,U,E,W,B;
26;A,B,C,D,E,F,G,H,I,J,K,L,M,N,O,P,Q,R,S,T,U,V,W,X,Y,Z;4;G,P,E,R;6;X,J,I,P,A,N;6;M,F,E,L,R,U;
26;A,B,C,D,E,F,G,H,I,J,K,L,M,N,O,P,Q,R,S,T,U,V,W,X,Y,Z;7;J,T,Y,D,Z,A,H;6;W,P,F,U,T,V;4;Z,Y,N,E;
26;A,B,C,D,E,F,G,H,I,J,K,L,M,N,O,P,Q,R,S,T,U,V,W,X,Y,Z;4;H,F,U,E;5;X,Z,C,B,P;6;U,C,R,X,B,L;
26;A,B,C,D,E,F,G,H,I,J,K,L,M,N,O,P,Q,R,S,T,U,V,W,X,Y,Z;5;H,Z,P,L,A;5;C,U,K,H,A;4;P,U,L,E;
26;A,B,C,D,E,F,G,H,I,J,K,L,M,N,O,P,Q,R,S,T,U,V,W,X,Y,Z;4;S,B,O,I;4;P,J,R,L;5;S,J,V,F,C;
26;A,B,C,D,E,F,G,H,I,J,K,L,M,N,O,P,Q,R,S,T,U,V,W,X,Y,Z;5;L,O,S,R,D;4;W,Y,Z,D;6;B,Y,T,X,P,R;
26;A,B,C,D,E,F,G,H,I,J,K,L,M,N,O,P,Q,R,S,T,U,V,W,X,Y,Z;6;P,M,Y,D,F,B;6;G,T,Y,W,N,H;5;J,X,F,H,R;
26;A,B,C,D,E,F,G,H,I,J,K,L,M,N,O,P,Q,R,S,T,U,V,W,X,Y,Z;4;B,N,U,A;7;C,Y,J,N,W,Q,X;6;V,E,B,Q,D,L;
26;A,B,C,D,E,F,G,H,I,J,K,L,M,N,O,P,Q,R,S,T,U,V,W,X,Y,Z;7;T,R,J,D,K,L,E;4;Q,W,S,I;5;H,U,K,T,C;
26;H,L,I,X,A,B,C,E,G,F,J,M,K,N,D,Q,O,R,P,S,T,U,V,W,Y,Z;7;G,P,E,B,S,U,W;6;V,B,U,H,S,T;4;H,F,T,W;
21;M,K,E,X,W,O,L,N,P,T,S,G,Y,Z,V,Q,R,U,A,J,I;6;Q,Y,A,J,I,V;5;W,H,N,L,G;5;R,J,Z,P,N;
20;E,Y,I,A,Q,T,X,D,U,F,M,V,R,Z,W,G,B,S,H,J;4;T,F,U,Q;6;K,W,R,J,L,N;7;H,L,R,F,X,C,J;
14;J,G,C,P,M,Y,F,O,H,D,E,K,R,W;6;V,Q,W,O,P,E;6;A,U,R,Z,W,Q;6;W,Z,I,B,D,H;
22;R,I,S,L,D,A,E,Y,N,K,F,M,O,P,J,G,H,C,X,Q,W,Z;6;V,L,J,N,P,G;6;H,T,D,Y,A,Z;7;Z,R,V,K,F,T,N;
16;O,V,K,A,N,G,C,E,W,L,M,H,I,S,J,X;5;H,W,C,S,L;6;Q,K,H,E,F,Y;7;O,M,E,A,Q,U,I;
14;R,W,S,O,U,Z,N,G,D,V,H,X,B,J;7;N,M,V,K,I,G,C;6;K,Y,R,O,Z,D;7;H,U,W,X,A,M,L;
20;I,J,K,W,X,N,C,T,D,F,Y,G,E,O,Z,U,V,S,Q,P;4;P,E,Y,H;4;F,V,N,R;5;U,O,G,V,E;
21;O,M,K,X,N,V,D,G,P,T,J,Z,W,Q,U,L,F,H,Y,I,R;6;X,C,M,D,U,R;5;E,C,Y,Z,A;5;P,T,Y,C,R;
19;R,G,Y,W,A,U,Z,M,P,X,V,S,T,C,O,J,K,H,Q;4;Z,C,U,J;6;F,U,B,N,L,Q;6;K,W,T,F,E,B;
18;T,O,E,S,Z,M,X,A,Y,F,J,B,D,U,G,C,H,R;4;W,D,C,L;6;U,C,Q,M,D,Z;6;B,F,D,K,O,R;
26;Q,B,G,H,X,E,A,I,C,D,O,W,P,M,N,K,Y,J,R,Z,T,L,V,F,S,U;6;M,W,V,U,Q,J;6;Q,B,K,H,O,V;4;S,P,M,K;
23;M,X,R,B,J,L,N,Y,D,E,U,K,Z,O,F,T,P,G,H,Q,S,W,V;7;G,M,L,Q,O,C,J;4;E,V,A,U;4;R,Q,B,Z;
25;G,W,R,Z,U,P,Y,I,K,V,M,Q,X,S,H,D,T,O,J,N,L,E,F,C,B;7;A,H,E,X,L,M,R;6;U,G,I,X,O,C;5;I,P,R,N,Y;
19;K,M,J,E,L,H,N,A,I,U,X,P,F,B,Y,G,V,W,O;6;H,X,G,Y,V,E;5;S,H,Z,W,J;6;E,S,I,P,V,O;
22;C,J,O,D,Q,Y,Z,A,X,F,S,T,I,K,E,G,H,B,L,W,U,M;5;D,V,Q,E,O;5;N,X,Y,H,Q;6;L,V,X,T,E,A;
15;Q,T,F,Y,U,G,P,X,R,W,M,B,V,Z,L;6;C,J,F,Y,N,W;6;S,R,B,Z,K,W;4;E,Q,O,B;
24;W,X,E,R,O,S,P,T,V,Y,U,L,Z,Q,N,J,M,A,K,I,H,G,F,D;5;D,I,F,H,G;4;M,F,K,W;5;Y,T,O,C,J;
19;C,V,X,G,I,D,Y,P,E,M,B,O,F,A,Q,U,H,Z,W;4;J,L,B,V;6;H,L,V,M,W,X;5;R,Y,P,A,F;
20;H,K,I,S,V,A,M,E,C,Q,G,J,X,N,L,O,D,F,Y,U;6;O,B,X,V,M,Y;7;I,K,T,O,H,U,E;7;V,R,T,Z,D,J,W;
15;S,E,P,U,I,Z,T,X,C,R,D,Y,F,O,V;7;N,U,X,J,C,I,T;4;S,A,L,X;7;S,N,D,R,V,U,X;
18;E,A,K,G,B,J,C,S,I,T,U,H,L,M,N,W,O,P;4;O,X,J,H;5;M,Y,X,N,C;5;L,G,J,S,A;
14;M,V,L,A,Y,Z,Q,N,D,O,R,X,W,K;4;R,J,N,X;6;D,K,I,W,E,J;4;M,V,R,T;
25;W,O,F,Z,C,B,A,P,M,D,N,E,X,Q,Y,V,L,H,R,U,K,J,T,I,S;7;T,P,Q,V,W,I,L;6;I,G,A,H,K,Y;5;B,R,U,D,C;
25;P,T,R,F,Y,C,G,V,D,I,N,M,U,Q,E,W,H,S,X,Z,O,L,K,J,B;7;X,S,F,H,J,G,L;4;R,F,U,D;4;C,J,R,K;
22;J,H,Q,L,N,M,A,O,T,B,E,F,P,R,K,S,U,Y,G,I,V,W;4;E,B,A,Y;6;M,C,F,H,P,Y;5;F,S,G,H,X;
19;V,N,W,B,R,K,O,L,P,D,M,Q,S,C,U,X,H,T,Y;5;U,R,V,Y,E;7;F,G,R,A,W,Y,T;7;F,G,Q,E,B,R,S;
24;U,L,W,J,N,O,X,D,M,A,H,V,K,B,F,C,E,I,P,Q,R,Y,Z,S;6;B,O,Y,X,H,P;4;O,Q,L,S;6;B,L,R,T,I,N;
25;S,F,E,L,K,H,G,I,Z,Q,U,J,Y,V,W,M,N,R,O,P,A,X,T,D,C;5;Y,U,O,F,T;6;Q,T,L,J,N,W;5;U,B,T,K,V;
22;K,C,T,E,M,Y,S,W,U,D,F,H,V,Z,O,Q,X,A,L,G,R,I;4;K,V,L,P;7;T,X,K,R,G,Z,D;4;R,M,W,X;
20;U,N,A,Q,K,F,G,H,V,B,M,W,R,I,O,X,S,J,C,Y;5;F,H,U,X,Z;4;S,T,B,J;7;Z,W,B,R,Q,S,F;
24;N,S,U,H,L,B,I,Y,Z,J,V,C,G,M,X,R,W,T,K,Q,P,O,D,F;6;B,F,V,W,X,J;7;F,O,J,B,G,C,W;5;K,R,M,O,U;
18;J,V,R,Q,W,T,F,X,U,Y,L,G,M,C,S,H,Z,I;5;G,V,I,D,C;4;M,I,G,C;6;W,G,C,T,M,H;
19;D,N,V,H,J,T,G,I,M,K,E,B,P,C,A,Q,L,F,O;6;A,S,L,P,R,E;5;Q,J,G,M,Z;4;I,Y,M,D;
24;Q,B,U,S,P,Z,M,R,T,D,E,V,L,C,N,F,O,G,H,I,J,K,W,X;5;N,W,U,I,A;4;A,N,Y,M;6;Y,Q,E,L,I,Z;
17;O,N,M,C,H,P,I,K,F,J,Q,D,R,X,G,L,S;7;M,N,V,Z,Y,O,F;5;B,E,P,Z,V;6;S,Q,C,N,G,K;
14;Z,Q,O,M,B,P,L,F,S,H,D,I,X,T;6;F,H,U,V,G,J;7;M,V,Y,S,E,N,Z;4;P,Q,S,E;
14;W,M,G,F,H,B,C,X,O,Z,N,A,Q,L;5;M,K,N,E,X;6;O,V,G,Y,L,F;6;D,B,O,F,A,X;
22;H,G,S,O,I,P,X,R,Q,J,E,K,T,U,B,L,D,M,C,Y,N,V;7;K,G,Y,Q,U,T,H;6;A,N,V,T,R,U;5;F,Y,J,P,L;
18;Y,O,T,Z,Q,D,F,V,G,K,E,H,I,M,J,A,N,C;5;Y,V,L,W,Z;5;I,B,E,X,N;4;I,D,F,R;
14;E,C,U,D,A,N,J,G,O,F,X,H,Y,V;5;F,K,C,Y,X;4;X,R,H,F;5;L,P,H,Q,O;
17;N,Y,F,Q,P,M,Z,R,A,X,O,W,L,V,S,H,B;5;C,B,S,L,D;5;O,R,U,D,Z;5;K,Z,X,S,Y;
16;H,V,P,C,J,S,U,Z,O,Y,A,D,B,G,Q,T;5;I,J,W,U,G;5;R,S,O,P,N;4;V,B,C,X;
22;Y,G,Q,K,L,J,O,M,E,N,S,H,Z,P,I,X,D,R,C,B,T,U;6;F,J,Q,I,L,P;5;M,T,Q,O,V;5;F,V,P,W,A;
23;N,O,E,Z,X,S,R,T,U,C,Y,P,V,L,W,Q,M,D,K,F,J,I,H;6;H,N,J,Y,G,X;5;C,I,D,V,S;6;N,F,K,S,E,A;
25;Q,Y,I,M,X,G,C,S,Z,W,D,J,V,O,H,U,L,E,K,F,T,R,P,N,B;5;U,V,M,Z,P;6;C,U,N,Z,J,T;5;Z,Q,H,L,N;
21;M,N,F,C,I,P,O,G,B,Q,U,R,V,E,H,S,T,D,W,X,J;6;S,E,F,Z,T,K;4;E,C,V,F;5;O,X,K,J,S;
24;C,R,I,P,Q,O,T,Y,L,U,S,A,M,G,D,Z,H,X,J,F,K,E,V,N;7;V,X,S,A,R,L,O;7;L,J,V,E,N,I,X;4;O,V,B,S;
16;G,H,O,W,J,M,V,A,S,U,R,L,K,X,N,E;5;O,F,V,N,J;6;I,H,A,V,X,N;7;F,V,Z,W,R,X,Q;
25;V,Q,R,W,P,T,L,G,F,S,N,O,U,B,E,H,I,K,X,Y,Z,M,C,D,J;6;M,I,L,B,X,V;7;D,Y,T,N,S,W,G;7;X,Q,D,R,P,C,J;
20;G,A,Y,K,J,W,H,D,I,L,E,R,M,X,F,O,U,C,N,T;5;U,Q,P,Y,L;6;S,Q,I,E,P,C;4;Y,E,X,P;
19;N,U,F,W,A,Q,H,X,G,I,M,P,Y,R,S,D,T,Z,V;6;S,P,R,K,Q,A;5;T,U,X,Q,O;5;B,Y,K,V,L;
14;I,V,Q,S,R,O,J,G,H,K,X,E,L,T;7;L,P,W,A,C,J,Q;7;G,Y,O,I,S,Q,Z;6;Z,C,K,Q,N,G;
23;E,M,C,Z,W,P,T,K,F,L,R,I,S,U,V,Q,D,N,X,Y,O,J,H;6;W,S,Q,K,F,Y;7;F,U,P,V,N,K,I;4;Q,N,C,B;
15;C,V,W,Q,S,D,Y,N,G,K,J,R,O,X,E;4;F,C,P,J;4;E,L,J,B;6;B,H,N,G,A,Y;
22;P,Z,Q,Y,N,E,L,V,W,R,A,J,X,D,U,K,S,G,T,O,M,I;7;C,A,N,R,I,E,F;7;Q,N,E,M,P,L,T;7;B,P,I,G,Y,L,J;
22;G,U,Q,O,J,X,T,K,S,V,I,W,D,E,Y,Z,L,B,H,P,F,C;7;H,Z,S,X,T,K,L;4;Z,X,W,C;6;U,E,Q,Z,N,P;
14;U,B,F,Z,D,I,V,E,Y,R,G,Q,S,O;7;Y,S,C,O,F,K,Z;5;A,H,E,F,G;7;E,C,Y,V,P,D,Z;
18;L,R,I,Q,P,M,X,N,V,J,Y,D,Z,A,O,S,T,W;5;W,V,G,S,U;7;B,U,V,Z,K,I,F;6;C,T,R,D,K,S;
22;D,Y,N,F,Z,C,I,A,G,X,E,W,P,O,H,J,Q,K,S,R,V,M;6;G,W,Z,A,T,M;7;B,C,S,U,M,E,Q;7;D,Q,K,A,I,Z,J;
20;L,I,D,E,S,F,G,H,P,J,K,T,C,A,U,M,B,Q,N,W;5;R,C,Z,H,P;4;N,G,F,A;7;J,H,V,T,A,P,F;
18;G,Z,Q,Y,B,U,T,E,F,K,L,H,P,D,V,I,N,M;7;Y,Q,U,H,F,C,J;7;C,J,L,R,T,U,W;7;V,K,I,T,S,B,Z;
17;P,O,V,Z,Y,Q,W,X,R,N,S,U,T,M,L,F,D;7;L,G,H,M,J,A,X;5;I,B,J,E,X;5;M,T,Y,B,V;
22;T,W,B,I,S,U,V,X,R,N,Y,O,G,Z,H,Q,P,M,L,K,J,F;5;C,G,S,Y,J;5;T,I,O,G,Q;7;C,O,A,Y,I,T,M;
20;X,L,Y,O,D,J,F,N,S,P,M,T,H,Q,R,Z,G,I,V,K;5;R,S,E,T,C;4;A,I,Q,F;7;W,N,Y,I,O,L,D;
19;V,O,Q,Y,W,N,L,J,M,X,E,P,T,R,K,S,Z,C,U;5;X,G,C,R,Y;4;R,W,S,T;6;Y,X,H,S,E,W;
23;J,C,Y,Z,W,X,V,D,P,B,M,U,N,T,A,S,R,E,H,K,G,F,Q;6;P,M,K,U,Y,Z;6;R,I,M,Z,T,J;6;X,I,A,E,W,M;
25;Z,Q,X,F,D,U,N,Y,W,C,O,R,S,V,T,P,L,M,K,J,I,E,H,G,B;5;A,G,B,F,U;7;M,H,V,Q,Y,F,N;6;I,V,M,G,Z,F;
25;R,Z,S,T,O,I,M,N,Y,P,D,U,Q,E,W,X,F,B,V,L,K,J,H,C,G;4;Z,K,F,T;6;G,S,J,Q,Z,E;6;W,Y,M,Z,G,D;
23;A,K,T,R,U,W,S,X,Q,G,E,M,O,C,N,V,I,Y,J,Z,P,L,H;6;L,W,H,Y,D,X;4;C,N,I,B;5;P,Q,U,M,Y;
26;N,D,V,Q,A,P,H,K,U,W,S,L,X,F,G,M,E,O,B,J,C,T,R,Y,Z,I;7;U,S,P,W,M,E,D;7;V,R,I,N,O,M,B;4;T,V,I,D;
25;I,J,Z,S,H,L,B,C,R,D,T,E,V,P,Y,F,K,G,M,N,O,Q,X,U,W;6;Y,X,H,B,C,U;7;P,U,L,X,F,O,V;7;B,P,S,V,Y,N,E;
26;J,X,B,W,Z,M,N,V,O,A,E,H,F,G,S,Y,D,I,P,C,Q,K,L,R,T,U;7;F,G,S,R,Y,J,W;6;X,C,A,G,I,L;7;M,V,X,H,L,J,T;
25;E,D,O,B,M,S,R,V,N,T,Z,L,P,Q,W,X,U,F,Y,G,K,J,I,H,C;7;C,L,Z,H,F,Y,B;5;L,E,N,W,T;4;N,W,M,F;
15;C,P,D,X,E,B,Q,Z,S,N,J,M,O,K,R;4;M,T,Q,H;5;L,N,O,F,X;4;R,H,Z,A;
14;F,J,B,O,K,Q,V,R,D,N,P,U,X,G;5;B,F,I,K,M;5;D,M,L,B,R;7;G,V,W,S,P,Z,T;
22;S,O,G,F,X,Q,H,I,E,R,V,T,J,K,L,U,W,Y,Z,D,M,A;4;Q,B,F,W;4;C,Z,J,B;7;I,Z,G,T,S,E,U;
17;K,G,W,J,V,X,Z,C,M,S,H,Y,I,L,P,U,D;5;W,R,M,K,X;5;S,E,I,K,D;4;P,A,Y,K;
15;K,X,A,Q,R,L,Y,N,M,U,V,I,C,S,D;5;O,W,P,V,R;5;W,V,Q,S,D;6;K,M,Q,E,L,R;
26;P,A,J,Z,I,W,Y,Q,N,L,X,V,M,U,E,R,T,S,B,O,K,H,G,C,F,D;5;M,J,R,L,E;5;Z,H,P,T,E;4;D,O,J,R;
25;L,C,I,D,A,M,H,Z,E,S,U,Y,T,V,W,X,N,P,B,R,O,Q,K,J,G;7;B,F,Y,H,W,V,M;6;U,B,L,Q,Z,M;6;L,N,A,K,F,I;
20;S,O,Q,R,K,A,T,U,E,N,V,W,X,B,C,P,F,G,Y,L;5;H,K,Z,N,W;6;F,A,R,S,C,B;6;O,Y,Q,M,J,H;
18;T,Y,Z,C,U,N,X,E,V,O,G,F,P,H,W,S,Q,I;4;C,G,O,Q;4;T,S,N,C;5;U,Z,K,S,H;
19;L,M,T,P,J,B,X,W,F,V,G,O,E,I,Y,Q,K,H,R;7;B,S,M,C,V,O,W;5;P,M,C,G,O;7;T,U,W,L,O,N,S;
20;R,Q,Z,D,W,B,L,E,O,S,Y,X,H,C,K,V,P,M,F,T;4;M,V,I,J;5;Q,R,E,U,S;4;Q,Y,H,Z;
21;O,N,P,U,E,D,Q,K,Y,I,F,R,S,G,Z,J,H,L,M,T,A;6;G,J,M,A,K,N;4;T,D,J,L;4;D,Z,W,X;
24;B,N,D,Z,T,V,W,X,O,C,H,Y,Q,R,P,S,E,L,M,F,U,G,K,J;4;I,C,N,V;4;D,Q,A,O;7;L,C,D,A,I,W,K;
25;D,P,F,G,M,N,Q,X,E,J,Y,U,V,H,A,W,I,R,Z,T,C,K,L,O,S;6;Z,Q,X,O,Y,C;5;W,K,X,S,U;6;G,Y,S,E,L,A;
17;G,E,H,I,L,N,J,K,F,S,M,O,V,Z,D,T,P;7;I,E,T,M,S,C,G;4;J,D,S,Q;6;M,J,F,N,I,S;
22;Y,F,B,H,T,I,N,J,S,C,O,P,Q,R,A,D,E,U,V,W,G,K;7;L,J,E,C,F,Q,A;7;Y,Z,H,O,S,A,K;5;V,U,G,C,D;
22;G,K,H,O,V,T,P,L,M,Y,D,N,I,C,W,J,U,B,A,E,X,Q;5;I,Z,O,A,X;7;L,Q,U,E,C,S,X;5;E,A,B,W,V;
24;K,E,X,Q,B,S,A,C,H,F,J,Y,P,D,Z,U,G,W,V,I,L,R,M,O;7;G,K,R,V,Z,X,P;7;S,Q,B,U,X,Y,N;7;H,U,R,N,T,B,P;
21;F,N,W,U,Q,M,O,I,X,Z,Y,R,P,C,V,T,S,L,K,J,G;4;B,S,O,E;5;S,G,V,F,H;7;V,E,U,Z,P,S,F;
24;K,L,V,M,G,S,O,I,D,T,U,Z,N,E,Y,W,B,F,P,X,R,Q,J,H;7;W,X,O,E,C,Y,I;6;S,Y,R,L,J,P;4;L,G,I,X;
21;I,G,H,J,P,A,K,L,R,W,M,B,N,V,O,T,E,U,Q,S,X;7;T,I,L,U,C,G,Y;5;U,A,P,S,L;4;K,L,E,Y;
23;S,Q,P,Z,V,R,F,T,W,L,K,M,C,N,A,X,Y,U,D,G,I,O,B;7;C,H,N,O,Y,X,G;6;M,K,J,N,G,U;7;M,D,R,O,E,W,Q;
22;Q,V,S,T,K,P,E,R,X,W,U,Z,M,O,L,N,C,Y,A,J,D,I;5;F,E,C,Q,H;4;P,S,T,E;4;W,V,U,C;
16;Y,U,J,N,V,P,W,S,F,I,O,E,G,T,B,C;4;I,F,R,T;5;D,C,T,Y,X;6;A,V,S,Q,M,L;
23;E,I,R,C,G,S,D,A,J,F,T,K,U,P,M,B,H,W,L,V,N,X,Y;5;K,T,U,Z,G;7;G,Y,N,P,A,V,W;6;B,R,V,O,A,U;
22;O,S,I,J,L,V,C,K,P,M,A,F,B,D,T,N,E,Q,R,G,U,Y;6;Z,F,P,U,Y,V;6;A,Z,K,L,P,B;7;M,T,O,B,S,F,E;
18;D,K,N,T,U,A,X,V,H,F,G,S,W,Y,Z,R,L,E;6;O,W,I,P,Q,G;5;E,Y,M,V,D;7;B,G,P,L,C,N,K;
14;R,I,G,V,B,C,Q,S,J,T,D,E,U,X;4;N,I,Z,T;4;X,C,K,V;5;Y,P,H,U,T;
15;X,P,Z,Q,A,K,M,B,D,L,Y,J,E,N,T;4;M,S,B,Z;6;V,N,L,Z,Y,U;7;D,P,W,U,B,A,H;
19;Q,H,I,W,U,G,K,S,V,X,M,A,T,P,Y,Z,J,R,O;6;I,W,O,S,U,D;4;X,T,Q,G;6;A,I,G,U,L,X;
20;B,E,F,X,A,O,I,D,W,R,J,S,C,K,N,P,Q,G,H,M;7;H,U,X,F,V,Q,R;5;U,W,F,X,B;7;W,P,Z,I,X,R,Y;
17;H,S,Y,Z,M,I,J,K,L,V,X,W,O,F,T,C,D;7;Z,W,A,I,U,V,F;7;N,B,L,X,P,Y,Q;4;Q,F,M,A;
15;G,H,I,U,D,A,V,C,W,T,X,J,B,F,R;5;Y,J,C,X,K;4;N,I,M,Y;5;G,T,W,I,K;
14;L,B,Z,Q,N,S,V,O,R,C,Y,A,T,U;7;A,F,S,Z,P,D,V;6;K,P,M,V,A,Y;7;U,G,D,I,T,P,L;
21;F,M,Q,C,R,P,S,U,N,I,O,Y,G,H,X,A,J,L,K,B,T;4;Z,J,S,P;4;D,Z,H,E;6;P,G,X,F,W,S;
15;E,J,N,A,X,Y,K,Z,T,I,R,S,M,C,L;4;M,N,B,J;4;B,X,E,D;5;A,X,H,V,Q;
20;A,H,L,R,X,N,I,V,Q,M,T,K,P,W,G,E,Z,D,O,J;4;F,O,N,E;6;E,K,D,U,T,X;6;O,S,V,G,R,E;
15;C,E,G,Y,X,W,L,Z,D,J,V,R,U,K,I;4;T,F,C,V;4;C,D,N,V;4;O,M,D,C;
25;G,N,V,S,X,J,D,Y,Q,T,K,O,B,C,L,E,A,F,H,I,P,R,U,M,Z;4;Y,R,T,B;6;V,F,B,H,U,O;4;J,Y,P,B;
21;Z,K,N,G,E,F,H,T,Y,O,Q,U,I,J,L,M,A,P,R,S,B;4;H,X,Y,D;5;L,N,P,U,R;7;O,K,Q,J,H,I,R;
18;I,B,Z,C,O,V,L,S,D,Q,T,E,F,M,X,P,N,R;5;V,N,M,H,S;7;B,Y,Q,A,X,Z,S;5;G,W,M,P,V;
21;U,H,O,M,P,I,V,D,S,C,B,E,F,G,Z,T,W,Y,R,X,Q;7;P,H,E,X,S,N,C;7;G,K,L,S,H,Q,P;5;V,Z,U,C,W;
26;M,S,E,H,I,N,T,B,V,O,W,X,F,P,U,Z,Y,R,Q,L,G,J,K,D,C,A;7;X,E,H,J,S,V,T;7;V,Z,T,L,J,U,R;7;L,N,C,A,E,S,P;
15;K,Z,L,X,H,O,U,P,M,A,I,J,N,Y,W;7;H,Q,L,P,M,C,D;6;G,U,W,R,C,I;5;R,G,C,B,F;
19;O,D,T,N,U,Q,B,J,V,Y,F,G,K,L,M,P,H,E,I;5;B,D,T,P,Q;4;F,M,Z,E;7;J,M,V,K,T,I,N;
23;A,R,P,K,S,T,V,B,C,U,M,D,E,I,F,W,Q,X,J,Y,Z,O,G;6;C,F,A,G,Y,L;7;U,K,M,T,Q,F,I;4;Q,P,H,V;
25;H,L,I,V,J,W,X,Y,M,U,K,Q,Z,N,R,O,P,G,D,T,S,F,E,C,B;6;Z,L,H,V,N,P;4;Y,U,G,X;4;Y,C,K,Z;
18;B,D,L,V,C,U,J,F,E,W,Q,M,H,X,G,Y,I,K;5;X,P,W,T,H;6;O,Q,W,N,U,R;4;B,O,Y,U;
21;O,V,M,C,D,A,W,X,P,Z,E,Y,R,F,Q,U,G,T,H,I,J;7;D,U,P,X,E,I,L;5;Z,V,F,N,A;7;X,G,B,Z,I,U,W;
14;E,N,Z,K,F,O,G,B,A,V,C,T,X,P;6;J,Z,V,Q,G,H;4;P,M,B,D;7;K,Y,C,A,I,F,S;
22;K,W,X,D,M,Y,P,S,Q,C,T,E,F,R,J,Z,V,I,O,N,G,L;6;H,U,R,S,J,Q;7;Y,P,O,U,D,J,B;5;C,E,F,Z,K;
18;M,Z,G,N,S,Q,J,O,D,Y,P,W,A,C,F,B,R,T;7;H,K,D,W,Z,N,Y;6;H,Q,X,Y,V,S;5;Y,Z,E,B,O;
15;I,O,P,X,T,M,L,C,N,Z,R,B,A,J,U;6;X,L,R,N,D,Z;4;M,U,Z,C;4;D,L,B,G;
22;G,T,I,R,C,X,S,V,O,W,J,Z,H,U,K,F,L,D,M,Y,N,P;4;A,L,G,S;4;M,Z,I,G;4;J,K,M,T;
24;L,Z,Y,T,R,S,A,F,X,K,W,J,U,B,V,H,G,Q,P,O,N,M,D,I;4;P,T,C,Q;5;Q,V,P,F,N;6;L,B,J,A,K,X;
19;U,T,V,W,C,A,R,X,B,E,N,D,F,Q,G,H,I,L,Z;7;E,L,G,F,V,X,K;6;F,D,H,N,O,A;6;T,V,G,Y,E,D;
25;B,L,O,S,M,Z,T,P,G,U,Y,H,X,K,V,I,W,C,N,Q,R,F,J,D,E;6;U,F,V,T,E,A;6;C,M,N,F,P,Q;7;D,V,N,H,Y,C,G;
18;S,P,K,Y,H,W,J,B,V,O,G,F,E,Q,L,X,T,I;6;G,C,B,J,W,N;4;I,J,E,L;6;M,A,F,Y,J,D;
26;A,X,M,W,L,H,N,I,G,U,T,J,O,K,Y,Z,P,Q,R,S,V,F,E,D,C,B;6;B,Z,E,H,M,J;6;J,W,A,G,C,R;5;N,Q,A,O,P;
17;Q,O,A,W,U,L,H,Z,E,T,S,V,X,I,J,Y,P;7;R,X,F,K,V,H,U;7;O,D,K,Q,B,P,J;4;Y,B,F,L;
26;Z,F,V,Y,H,W,X,G,U,T,K,S,I,A,R,P,Q,O,N,M,E,J,L,B,D,C;7;T,G,U,A,N,V,S;6;Z,K,D,H,L,J;4;R,W,M,O;
14;M,U,D,X,O,E,C,I,T,F,W,Y,Q,Z;7;M,X,O,B,I,R,A;5;L,V,R,J,C;4;F,O,R,Z;
17;D,R,K,O,Y,F,G,W,C,Z,E,X,V,M,H,A,N;4;F,G,S,N;5;V,P,D,M,B;7;W,T,M,N,R,C,P;
21;Y,O,M,Z,U,X,Q,I,E,P,R,S,V,H,C,L,W,T,D,N,K;4;M,N,G,Z;7;K,G,U,F,M,E,Q;5;G,X,N,T,M;
17;O,C,N,T,B,Z,W,F,D,G,U,P,E,L,J,M,Q;5;E,Y,T,V,U;5;M,B,V,Y,X;7;X,A,J,Q,R,U,G;
25;U,A,E,N,L,F,G,Y,T,V,I,Q,H,J,K,O,P,M,Z,R,C,S,W,X,D;5;N,Z,R,U,S;5;V,Z,Q,C,Y;5;B,W,K,E,D;
24;I,M,W,T,V,E,L,B,X,Y,F,D,U,Z,K,J,C,N,O,G,H,P,S,R;5;I,K,Y,U,T;6;T,L,F,C,V,Y;4;N,A,E,H;
22;P,G,O,Q,W,Y,R,L,C,B,A,Z,E,S,H,D,I,T,J,X,U,V;4;Q,Y,H,D;6;T,X,Z,H,M,G;7;S,C,X,N,M,Z,P;
26;Y,M,N,R,W,A,S,F,K,Q,X,G,H,T,Z,U,V,B,P,O,E,L,I,D,C,J;4;W,X,P,F;4;S,I,V,P;7;M,L,D,Z,Q,T,O;
18;W,A,X,I,G,Q,Y,L,P,S,Z,D,M,V,U,T,R,N;6;I,B,D,R,W,F;6;E,G,Q,T,C,D;5;W,B,H,E,R;
19;B,J,O,A,I,K,T,Q,Z,E,H,M,C,F,L,R,G,N,P;6;Z,Y,U,H,F,N;7;M,P,X,R,F,Q,Z;5;S,Z,R,T,U;
22;I,P,J,Z,E,G,V,H,F,N,O,D,Q,Y,R,X,S,T,L,U,M,W;6;M,Q,E,A,U,N;4;F,Q,A,Y;4;S,O,Z,I;
25;V,Q,F,Z,N,L,H,G,T,W,X,A,P,J,O,M,Y,K,U,S,R,I,E,D,C;4;V,U,O,P;6;D,P,V,C,Z,J;5;D,X,L,S,B;
15;L,J,M,A,G,S,U,B,C,N,H,D,K,T,O;6;C,U,E,P,V,X;6;Z,A,D,J,X,L;7;R,M,I,Q,U,C,T;
15;T,W,K,X,L,F,I,Y,P,G,U,S,V,Z,R;6;S,F,N,V,Q,R;7;V,D,T,C,M,A,H;6;J,L,K,N,H,I;
25;V,P,Z,A,X,K,I,J,B,M,Y,U,W,T,S,G,O,F,Q,L,R,N,C,H,E;6;B,D,Y,G,N,R;4;M,W,Q,P;5;W,B,F,C,I;
17;C,O,B,U,V,M,Q,S,Z,L,N,D,J,P,R,E,T;4;M,R,L,Z;6;X,V,I,J,H,A;5;B,A,H,X,J;
24;T,W,Q,H,N,J,M,O,P,R,S,F,I,U,V,G,X,Y,A,Z,K,L,E,D;4;Y,M,H,R;5;T,F,Q,P,L;4;Z,O,C,E;
23;A,N,T,O,U,B,L,F,X,P,E,R,G,W,C,V,D,Y,Q,H,I,S,Z;5;X,N,B,V,L;7;C,H,Y,S,F,Q,V;5;F,V,A,D,S;
26;B,I,J,P,S,N,Q,L,R,T,U,V,Z,W,H,Y,O,F,X,M,K,G,E,D,A,C;6;H,E,U,Y,A,K;4;P,Z,E,S;7;H,F,B,G,Y,Z,O;
16;O,H,D,E,V,P,M,Q,F,W,J,C,G,Y,Z,N;7;K,P,Q,F,S,W,O;4;U,G,N,Z;5;S,J,P,U,L;
26;P,Y,B,R,E,O,A,I,J,K,S,L,U,X,T,M,C,V,D,Q,H,W,F,G,N,Z;6;L,Z,U,F,S,T;7;Z,F,O,E,C,N,R;5;X,D,R,G,O;
20;K,Y,D,G,R,H,M,E,N,V,B,Q,I,F,J,L,O,P,S,T;4;B,T,X,N;6;G,U,M,Y,L,I;7;N,T,Q,A,R,I,X;
23;M,Y,Z,W,N,X,H,A,O,V,P,S,I,R,B,K,C,U,J,T,Q,L,D;4;T,A,B,K;5;E,O,P,S,Z;7;C,R,E,J,O,G,H;
16;D,U,B,I,H,V,E,C,X,R,Q,K,F,G,S,T;5;X,U,H,Z,J;5;J,N,Q,Z,X;7;Y,F,I,K,A,Q,S;
15;L,S,T,N,F,P,U,M,V,O,Y,G,I,H,J;7;G,E,W,S,U,V,N;5;X,W,U,M,S;4;W,Q,I,B;
25;Z,Y,X,W,I,G,B,L,M,C,D,N,V,S,Q,P,J,H,E,U,T,K,O,A,R;7;D,F,G,K,Y,I,Z;7;S,Q,Y,O,D,A,N;5;J,G,K,B,H;
24;I,F,B,C,G,D,V,S,R,N,U,O,Q,X,H,Z,J,P,W,K,Y,E,L,T;5;Z,B,W,X,H;4;C,D,X,K;4;Y,W,G,S;
24;Z,W,Q,M,X,Y,G,J,A,T,V,D,L,B,U,S,C,R,P,N,O,K,I,H;6;O,T,U,D,I,G;6;G,Q,B,J,I,C;5;S,X,H,P,N;
18;I,C,B,T,A,J,L,Z,U,V,D,K,M,F,S,W,X,Y;4;Y,L,Z,K;7;E,J,G,A,H,K,S;4;Z,J,O,Y;
25;K,C,W,P,T,Q,H,Y,N,J,Z,X,A,F,U,R,I,V,L,S,O,B,M,D,G;6;B,K,V,W,U,H;7;D,L,P,U,A,T,N;4;X,K,B,H;
24;X,T,C,E,H,D,F,W,G,R,J,A,P,S,V,I,M,Y,B,Q,K,L,N,O;4;C,Z,T,X;6;E,F,U,Z,O,C;6;K,Y,G,C,M,W;
14;Y,U,D,I,N,O,S,H,A,V,T,P,K,Q;5;Q,F,I,M,J;7;X,Z,S,F,Y,A,B;7;S,K,B,Q,F,J,V;
19;U,N,G,V,K,W,F,J,X,E,Z,H,A,R,P,I,Y,L,M;6;O,M,N,L,V,E;7;X,J,R,U,A,G,V;4;S,F,J,V;
19;A,W,T,V,M,G,Q,N,R,S,Y,U,Z,P,X,O,L,K,J;5;Y,K,P,N,S;7;V,N,K,Q,T,P,G;4;P,M,J,G;
22;F,O,G,H,J,B,Y,N,C,D,E,P,A,I,X,K,Z,L,M,Q,R,S;6;G,E,M,U,X,L;5;W,R,T,G,U;5;R,M,S,G,K;
19;U,H,I,R,P,S,Y,G,V,O,M,T,J,D,N,K,W,L,A;5;K,U,L,H,G;4;H,W,G,S;7;R,F,A,T,H,L,C;
21;W,E,P,Z,S,I,T,F,Q,R,V,M,Y,A,J,K,N,B,X,U,O;4;Z,Y,U,X;7;T,G,K,E,S,D,R;5;Z,O,Q,R,V;
22;B,F,K,C,D,L,V,P,W,Q,T,G,E,M,H,I,O,R,J,A,S,U;5;Y,U,N,K,C;4;S,Z,K,A;5;V,H,Y,P,J;
22;E,G,X,L,I,Q,R,W,Y,S,V,N,Z,F,H,C,U,T,J,K,P,M;6;V,N,C,S,J,T;7;M,F,D,T,V,U,A;5;J,O,X,V,Z;
18;E,D,S,M,V,O,X,J,I,C,W,Q,T,U,F,P,Y,G;5;Q,H,A,F,E;4;U,H,N,E;6;E,B,V,C,J,O;
15;H,B,Z,T,U,V,C,Y,X,D,I,W,K,J,O;5;M,N,F,T,H;6;O,J,X,I,R,V;5;D,K,R,O,B;
26;H,B,I,E,A,W,S,J,N,M,K,O,L,Y,Z,P,Q,R,C,T,U,F,X,V,G,D;5;Y,F,C,E,G;6;W,X,J,A,V,B;7;M,L,W,B,D,O,G;
25;V,O,H,U,S,X,T,W,P,L,A,J,Y,Z,R,Q,N,M,K,I,G,F,E,D,C;6;P,Q,W,Z,Y,N;7;F,U,X,P,J,G,L;4;U,B,K,V;
21;N,D,E,O,A,R,C,H,I,F,T,U,P,G,V,L,Q,J,W,B,K;5;X,Z,L,M,Q;7;D,I,M,N,O,W,Q;6;Q,B,A,U,N,F;
17;B,K,W,Z,L,M,F,C,H,I,J,X,U,Y,N,S,P;6;N,W,G,V,B,K;6;W,E,J,T,K,G;6;L,J,C,N,M,A;
21;P,Q,N,R,Z,O,H,L,Y,S,T,U,J,M,V,B,D,W,X,K,G;7;D,O,J,A,I,Y,E;6;L,F,K,Y,Q,M;5;G,C,B,K,D;
20;M,J,R,P,A,S,K,X,L,I,C,T,Y,G,U,H,N,V,W,Z;5;D,B,O,F,X;7;O,C,N,T,Y,F,L;6;K,B,H,X,E,N;
21;H,R,Y,C,F,I,V,Z,T,E,S,G,K,P,U,X,W,Q,M,O,N;4;Y,R,G,L;4;W,D,C,T;6;Y,V,Z,H,E,O;
21;E,J,G,P,R,K,N,H,B,C,I,W,D,Q,L,X,U,M,A,F,O;5;W,V,P,Z,U;6;I,U,K,Q,A,V;4;L,O,T,M;
20;D,H,Q,F,E,G,L,N,I,W,P,V,J,U,X,Z,K,Y,S,M;5;A,Y,O,K,J;5;Q,M,W,L,T;4;D,W,M,P;
20;G,T,M,P,D,Q,U,F,B,K,W,A,H,X,L,R,V,Y,I,C;5;H,S,J,A,T;7;P,U,H,I,F,L,N;4;O,D,L,V;
22;K,U,Z,P,C,T,O,D,L,Y,E,Q,R,M,S,V,B,W,X,F,N,G;7;K,A,T,M,Y,D,V;7;G,W,F,O,V,N,B;7;O,G,W,F,B,D,S;
21;J,F,N,I,S,H,B,Z,V,U,Y,Q,C,K,D,W,O,P,R,M,T;7;B,K,I,J,Z,E,M;4;Y,E,M,V;7;J,R,N,O,Y,M,U;
22;Y,L,Z,O,X,C,S,G,K,A,J,H,P,Q,M,N,B,E,I,R,T,U;6;A,F,B,X,R,N;7;I,A,F,H,Q,T,B;5;H,V,F,A,N;
26;Y,X,S,J,Z,H,Q,I,K,L,M,V,R,E,F,G,W,U,T,D,N,O,P,C,B,A;5;S,O,K,Q,R;5;S,N,C,O,T;7;N,R,Y,H,P,G,O;
22;Q,F,J,W,R,Y,Z,H,U,B,D,G,K,I,C,N,E,L,A,V,S,M;6;R,X,N,J,H,Z;4;N,O,K,B;4;W,Y,L,H;
14;Y,J,I,U,V,C,Z,S,A,T,P,X,W,D;4;Y,T,L,A;7;J,W,U,L,D,N,A;6;D,C,N,Y,T,A;
18;C,Y,W,V,M,N,O,P,Z,Q,X,R,E,T,F,U,S,J;5;Z,L,X,I,C;4;C,Z,H,T;4;R,F,N,P;
23;T,D,J,B,P,Y,R,U,Q,X,S,G,H,V,Z,W,O,N,A,L,M,K,I;7;U,R,V,S,B,G,F;5;K,J,B,Q,E;7;L,U,F,Z,E,B,V;
18;G,A,K,H,W,X,Q,U,V,Y,I,F,J,L,M,Z,T,O;5;H,L,A,Z,Y;6;E,Q,Y,P,M,T;5;R,W,K,T,I;
18;G,X,P,Z,T,H,U,I,N,Q,S,R,B,A,O,V,L,M;4;M,S,T,B;6;U,I,M,K,R,P;4;K,V,U,B;
17;I,U,D,H,J,K,Y,T,R,Q,B,S,L,Z,P,V,E;4;F,G,U,O;6;T,Z,J,X,P,M;5;Y,F,R,T,E;
14;F,R,W,G,U,B,S,A,Z,M,L,P,H,V;5;O,Y,V,Q,S;4;O,C,Z,I;7;D,B,W,N,T,M,L;
26;D,X,V,T,E,W,S,Y,Z,Q,C,R,I,U,P,N,O,M,B,L,F,K,G,J,H,A;4;U,A,H,W;4;Y,P,E,L;6;A,F,L,Q,G,M;
21;Z,H,X,A,K,G,J,P,D,L,R,E,O,T,F,Q,Y,U,S,V,B;5;H,T,A,S,F;5;M,Y,T,L,A;4;S,H,X,G;
25;W,V,D,Y,Z,X,B,U,E,T,S,R,F,Q,J,C,P,O,N,G,H,I,M,L,K;6;X,N,L,Q,G,O;4;B,D,U,P;6;G,O,L,M,W,E;
14;B,P,L,E,X,H,T,V,M,I,F,D,J,N;6;U,Z,O,F,J,A;7;P,A,W,Q,H,S,E;7;K,V,A,S,T,D,M;
22;L,M,J,W,K,C,G,N,B,A,U,O,I,H,Q,R,D,S,P,T,V,X;6;P,I,A,E,X,V;4;D,K,L,G;5;E,P,B,L,I;
14;Q,L,O,R,S,K,W,T,M,A,U,N,B,P;5;T,O,X,W,Y;7;E,I,B,A,G,X,O;4;T,M,S,J;
19;J,I,N,M,W,P,H,X,L,Y,C,G,D,Z,U,K,O,Q,E;7;Y,X,D,K,A,C,H;4;Z,X,M,C;6;Q,E,J,M,G,F;
24;E,C,A,Z,D,B,P,M,J,U,K,Y,X,F,W,L,V,T,O,S,R,Q,N,I;6;E,L,U,D,C,H;7;Z,G,P,X,L,K,U;5;A,X,R,B,N;
17;Q,A,H,E,F,I,J,G,V,Y,K,C,L,S,B,U,D;5;N,W,M,I,O;7;O,J,I,M,G,R,L;5;K,U,A,I,V;
23;C,P,Z,D,I,X,J,E,F,G,B,T,N,V,H,K,O,L,M,Q,R,S,Y;7;E,O,Y,T,I,W,V;4;P,D,V,L;7;O,F,A,X,M,C,L;
14;X,Y,W,N,E,S,U,O,K,T,H,Z,V,I;5;N,Z,H,T,O;5;G,X,H,F,S;6;B,P,K,A,M,I;
14;J,O,V,F,W,X,R,Y,U,T,Z,C,Q,S;5;F,P,U,J,G;5;H,M,G,R,S;5;K,G,L,X,U;
26;A,O,M,W,C,D,B,E,L,P,H,I,F,J,N,Q,Z,T,R,U,K,V,Y,S,X,G;7;T,M,R,Z,H,D,L;7;D,F,I,W,Q,Z,P;7;K,J,Q,R,E,O,U;
23;F,D,H,K,L,Q,M,J,Z,X,G,Y,N,O,I,P,R,S,W,T,U,V,B;4;K,Z,A,T;6;Q,R,H,G,N,D;7;R,Z,T,C,L,G,N;
15;G,A,P,T,X,R,W,E,M,V,S,N,I,L,Y;4;O,Q,U,L;6;J,N,B,M,D,V;6;V,B,Q,X,P,Z;
25;J,T,S,Y,N,Q,K,R,L,E,U,F,V,W,X,Z,O,P,M,I,G,H,D,A,C;5;K,A,O,Q,Y;5;Y,T,G,X,M;7;N,R,P,B,Z,O,T;
26;Z,L,E,W,X,R,J,F,H,G,O,S,P,I,D,Q,K,T,M,A,N,U,V,Y,C,B;5;Q,B,T,Y,D;6;L,D,J,E,Q,N;4;E,H,P,K;
14;L,F,O,W,Q,V,D,G,S,R,X,Y,E,Z;5;X,L,A,B,W;4;H,X,C,N;5;B,S,D,U,R;
16;Q,L,J,W,K,D,S,X,B,R,A,T,E,C,F,G;5;J,K,P,F,O;7;G,I,T,J,B,E,U;6;J,H,B,N,Y,G;
14;W,H,I,N,V,Q,E,J,K,L,M,O,P,X;5;Y,K,X,P,E;7;M,I,H,X,N,K,T;5;T,I,X,B,A;
16;T,N,V,F,Z,Y,L,M,U,H,E,G,X,B,W,A;6;X,D,U,S,W,L;4;M,K,E,I;7;Y,M,X,S,K,B,R;
21;I,G,S,J,D,B,V,T,Q,U,X,Z,N,C,M,E,R,P,W,F,H;5;G,K,E,B,Z;6;S,H,V,W,F,I;4;N,D,Z,X;
16;B,U,K,Q,C,X,P,Z,M,F,J,H,Y,W,N,V;6;A,Y,Z,B,P,L;4;E,B,D,J;4;Q,A,N,M;
19;B,M,A,V,O,W,J,D,R,S,N,E,P,F,Q,T,H,G,U;5;J,S,L,F,W;4;K,G,T,B;4;J,R,D,E;
21;S,V,X,N,J,E,I,M,W,O,P,K,D,Y,C,Z,Q,L,R,T,U;6;H,W,O,J,A,R;6;E,N,B,U,G,T;4;O,S,V,H;
25;S,E,C,X,L,Z,O,Y,B,V,K,P,Q,G,N,D,J,A,F,U,W,H,T,R,M;6;I,T,V,B,X,W;5;Z,P,O,S,H;6;O,R,V,Y,Q,U;
16;F,H,I,Q,C,R,J,K,B,N,D,L,T,M,O,A;5;W,S,G,I,T;6;H,U,R,F,V,Z;6;V,G,U,Q,W,Z;
26;M,X,O,N,S,R,A,P,Q,J,U,T,V,W,Y,B,Z,K,L,I,C,H,D,G,F,E;6;L,Z,S,A,H,X;7;F,J,C,Q,Z,W,O;7;N,W,F,I,B,Z,R;
20;O,C,E,A,D,H,U,I,F,G,J,M,K,Z,L,V,W,B,N,P;6;Q,H,K,C,B,X;7;W,N,H,Y,G,J,X;7;J,C,V,F,Y,N,E;
15;M,P,N,D,L,H,O,X,V,E,Q,U,R,W,S;7;U,N,K,R,S,P,O;4;G,J,N,W;5;C,E,G,V,B;
26;N,U,W,A,H,X,T,L,P,Y,O,E,Z,V,M,D,Q,S,I,R,K,G,J,F,C,B;7;X,D,W,R,F,S,U;5;Y,I,Z,P,O;5;A,N,V,Q,S;
23;Y,M,G,N,K,I,R,S,Z,Q,J,F,P,H,L,X,W,O,C,D,T,U,V;5;Q,D,K,F,U;5;Y,K,T,V,D;6;U,A,S,P,C,K;
24;X,D,U,S,V,M,B,H,I,W,Y,A,N,P,J,R,T,C,O,F,Z,Q,E,L;6;D,C,U,I,T,Z;7;W,Y,O,J,V,I,T;4;H,L,G,Y;
23;O,B,A,P,W,F,R,L,E,Q,T,C,D,G,N,H,I,M,Y,J,V,U,K;5;N,O,Y,L,T;5;Y,M,P,D,K;5;L,Z,T,M,K;
20;P,F,O,S,G,T,U,V,Q,E,Z,K,A,W,R,B,H,C,L,X;6;L,I,S,K,T,P;6;Z,T,Q,D,K,J;4;N,M,O,V;
16;H,F,I,D,M,L,W,G,R,V,X,J,S,K,E,N;7;X,P,B,W,Y,U,G;4;T,O,V,L;4;E,Q,I,A;
21;Y,L,K,F,D,T,U,M,B,Q,Z,N,E,V,W,O,P,R,X,C,S;5;M,V,Q,R,U;7;Q,S,W,Z,V,E,P;6;Z,Y,K,J,S,R;
26;U,Q,P,G,S,C,R,W,H,X,Y,T,D,Z,O,V,N,I,J,E,K,L,M,F,B,A;4;I,M,E,F;7;A,X,I,R,W,E,D;6;Q,B,G,T,D,E;
19;M,B,E,U,J,S,W,I,Q,Y,F,R,N,H,T,G,K,L,O;7;R,Q,M,Z,P,C,B;4;Q,N,V,X;4;R,U,N,G;
18;D,O,E,T,H,N,Q,I,S,L,M,A,P,Y,R,U,J,V;4;U,Q,T,S;7;U,Q,I,Z,Y,L,J;4;D,S,M,X;
14;J,I,V,K,Z,G,N,L,T,C,U,E,M,D;4;Z,H,J,T;4;U,O,X,Y;7;W,H,L,T,E,G,Q;
23;Z,S,Q,Y,D,T,R,P,C,E,J,X,W,V,U,K,O,F,L,N,M,I,H;4;V,B,D,W;7;E,F,P,V,K,U,B;7;X,Q,P,C,Y,Z,B;
16;G,V,I,J,K,D,L,F,W,X,B,R,M,U,Y,H;4;Y,S,Q,H;5;O,B,M,X,J;4;M,S,C,J;
14;K,M,X,Y,Q,I,E,P,R,W,F,S,L,O;5;G,T,X,Q,S;4;H,Q,W,G;5;L,B,Z,Y,G;
16;I,V,Q,X,A,D,T,O,H,U,N,E,L,M,B,W;6;E,T,H,R,D,K;7;E,H,W,X,U,M,V;7;B,Y,U,I,S,O,J;
22;P,Q,U,D,L,A,V,F,W,B,C,S,X,E,G,R,T,Y,Z,O,H,N;7;F,X,S,Y,I,Z,Q;4;P,V,U,Q;5;W,J,A,V,D;
22;O,Z,C,B,D,I,E,S,Q,J,Y,U,K,V,R,L,P,T,W,X,M,N;6;K,O,N,I,P,C;6;Y,A,C,D,O,Z;6;L,R,Q,Z,O,N;
22;L,R,B,P,Q,N,G,W,E,H,C,S,T,U,V,A,D,X,Z,I,Y,J;4;B,N,A,G;4;T,F,V,H;5;G,O,T,V,I;
19;X,R,C,K,S,Z,F,O,T,I,U,V,N,A,G,B,H,D,J;5;P,L,D,F,K;4;K,J,G,N;6;Y,J,X,P,S,G;
26;L,S,A,R,P,U,X,Q,J,T,V,B,W,K,C,G,Z,D,Y,O,N,M,I,H,F,E;4;E,I,B,O;4;Y,N,L,C;6;H,N,Z,X,T,S;
20;A,G,I,V,W,H,R,B,Y,P,S,T,U,O,Q,C,X,Z,N,D;7;C,N,K,I,B,D,M;7;S,R,P,G,C,W,Z;6;R,G,D,V,W,L;
20;K,O,H,T,P,Z,B,Q,S,E,Y,R,U,I,F,V,W,D,G,X;4;E,G,S,T;6;C,R,N,I,V,F;6;A,Q,E,V,O,L;
21;P,Q,D,B,A,Z,L,R,F,E,U,N,M,O,C,G,X,V,I,T,H;6;R,H,X,M,E,K;7;X,H,Z,L,C,S,D;6;U,V,O,A,Z,W;
17;P,B,I,L,T,V,D,U,E,H,R,Q,M,J,K,N,S;4;I,O,J,E;6;D,Z,H,O,K,P;7;F,U,C,Z,O,V,S;
16;W,U,M,V,L,P,N,I,G,Q,R,H,S,K,E,A;6;S,N,P,Z,W,A;5;F,N,B,C,O;7;N,J,E,Z,K,B,F;
24;I,B,H,P,V,S,M,W,C,J,R,K,L,T,U,N,A,E,Q,O,X,Y,Z,D;7;V,X,O,S,P,M,U;6;W,C,H,I,N,R;4;P,Z,S,G;
26;E,J,G,X,C,Y,F,H,O,P,I,Q,W,K,R,T,L,D,M,Z,V,N,S,U,B,A;5;A,C,S,P,L;5;H,C,X,R,S;5;X,G,D,R,L;
18;E,N,H,I,L,O,J,X,M,T,A,P,Q,R,S,U,G,V;6;Y,E,T,C,I,P;4;R,O,C,B;5;V,F,H,S,O;
15;D,A,C,B,E,S,X,F,W,V,K,L,O,I,T;5;J,L,X,U,T;4;T,O,V,P;6;Q,A,U,Y,C,E;
26;B,O,T,Y,N,D,R,G,H,M,L,F,C,S,Z,A,W,E,I,P,U,X,J,V,K,Q;7;M,W,Y,Q,D,P,A;7;G,K,O,C,N,S,V;5;T,E,J,B,G;
26;K,O,P,E,A,Q,L,J,C,D,Z,I,Y,B,M,N,X,R,F,G,H,S,W,T,U,V;6;P,H,W,I,C,X;7;N,V,B,A,J,C,Q;5;E,Y,T,X,G;
24;J,W,M,G,Z,Q,S,D,K,U,P,R,T,V,X,N,F,Y,O,L,H,I,E,C;5;D,R,H,J,E;6;O,D,Y,P,B,H;4;P,S,W,M;
22;C,Z,J,K,E,N,P,Y,R,Q,A,S,L,X,W,V,F,B,G,H,D,T;4;C,G,W,P;7;F,J,T,C,Y,L,O;4;D,K,T,N;
22;P,D,G,F,Q,W,T,R,S,M,X,Y,U,V,Z,O,N,A,K,L,J,I;6;G,Y,W,A,D,P;5;S,P,Q,A,W;5;Y,C,F,Z,L;
24;H,B,I,K,Y,J,Z,S,C,D,E,F,N,G,O,L,U,V,M,P,Q,W,R,T;7;N,B,T,V,Z,I,U;4;B,C,F,O;7;T,V,L,P,M,Z,C;
17;P,Y,T,O,D,G,E,B,C,U,H,F,I,R,Q,V,W;7;B,K,C,Q,S,H,I;4;I,T,H,G;5;N,S,H,R,M;
14;X,Y,H,R,K,W,G,M,J,F,N,S,Z,T;6;V,I,W,L,X,J;4;Z,R,T,F;7;E,G,I,L,M,Q,O;
24;N,O,D,E,M,S,I,A,T,C,P,F,J,G,H,Q,W,R,L,K,U,V,X,Y;7;Q,F,T,D,J,C,O;7;W,C,G,P,N,Q,B;7;T,Y,U,X,P,G,Z;
17;E,X,S,O,Y,B,C,L,N,H,Z,W,P,I,Q,M,R;7;M,X,L,B,G,C,D;6;K,O,Z,B,L,M;6;V,T,I,C,G,P;
22;D,K,E,B,N,Z,L,I,Y,Q,R,S,M,V,H,F,P,T,O,A,U,W;6;B,T,D,O,C,K;4;R,S,B,Y;5;A,X,Y,J,M;
17;O,D,V,W,E,G,L,H,Q,X,P,R,J,M,B,C,F;4;P,I,K,U;5;U,J,D,M,V;7;L,M,A,Q,J,F,N;
17;E,K,L,I,M,W,G,N,F,Y,Q,D,X,C,T,Z,V;6;S,B,Z,U,J,V;4;M,L,K,T;7;U,H,R,T,N,M,I;
19;V,B,K,E,R,F,L,G,Z,J,N,O,M,P,Q,T,A,Y,S;6;I,Y,E,M,O,K;6;L,Y,K,W,U,F;5;N,U,Q,T,Y;
16;X,Q,G,Y,A,D,B,C,K,V,U,R,W,E,Z,S;4;O,J,B,U;6;C,G,L,E,J,Y;4;W,V,K,A;
16;F,O,Z,K,Y,C,T,G,D,H,U,E,R,W,V,I;4;V,Y,X,P;4;C,O,I,R;7;H,O,Q,U,K,P,A;
14;X,J,K,F,I,U,L,M,N,O,A,P,H,V;4;V,D,X,F;6;Z,Q,G,E,T,L;5;G,E,L,M,R;
25;K,J,R,S,X,W,L,B,Z,C,M,Y,I,T,N,G,V,U,Q,A,O,E,P,D,H;7;B,L,U,C,T,Z,H;7;T,N,O,G,X,V,E;6;O,G,S,A,U,Q;
17;M,C,K,N,B,P,D,F,E,U,G,R,V,I,T,H,J;6;R,N,A,M,T,J;4;C,D,Y,Z;6;Z,U,L,V,Q,H;
14;E,Z,F,G,T,M,V,W,P,X,H,Y,I,J;6;K,O,L,B,D,A;7;E,Z,V,U,L,J,W;4;S,U,B,W;
17;C,N,D,H,I,X,J,Y,G,E,W,V,S,O,R,K,M;4;K,J,D,L;7;H,Q,A,S,J,D,I;6;U,A,W,B,F,C;
14;D,K,L,R,F,S,Y,E,P,Z,B,C,M,I;6;B,Y,E,K,R,H;6;Q,A,O,N,E,B;7;E,B,I,R,C,M,V;
20;J,I,C,Q,D,T,Z,K,Y,B,N,P,R,E,S,F,U,M,V,L;4;V,I,A,N;5;D,A,N,E,F;4;S,T,J,Z;
20;T,H,Z,I,R,K,Y,N,G,A,X,S,U,C,O,P,B,V,Q,W;5;P,J,H,Q,E;4;Y,R,L,E;7;I,J,H,Z,U,P,C;
23;U,X,F,D,O,N,E,Y,G,A,C,H,B,I,J,K,L,Z,M,P,Q,V,R;4;W,Z,Q,M;6;S,L,G,A,E,P;6;B,Y,Q,E,W,F;
26;T,Y,N,Q,V,W,S,H,C,L,R,B,J,U,D,E,F,X,M,G,I,O,P,A,K,Z;7;R,M,Z,L,T,H,V;5;D,T,O,L,Z;6;Q,W,N,G,A,S;
15;N,Y,L,R,B,S,C,M,D,V,P,T,F,O,U;5;C,H,W,M,F;4;T,G,O,D;7;Z,H,V,K,O,U,J;
23;Z,U,L,H,M,S,I,P,Q,Y,N,T,K,X,D,R,E,V,O,B,W,J,G;7;X,R,M,O,F,A,D;6;G,Y,R,Q,Z,H;7;X,G,A,Y,S,D,Z;
26;X,K,O,V,F,Z,T,Y,N,P,W,J,U,G,Q,B,H,E,I,A,L,R,S,M,D,C;5;N,E,G,I,L;7;O,E,G,J,P,T,W;6;L,Z,O,Q,R,T;
14;A,X,L,C,T,R,P,U,E,F,G,H,I,O;4;P,B,N,L;5;X,T,K,J,F;4;P,K,H,Z;
20;S,I,A,F,K,D,P,N,Q,O,E,Y,H,M,R,V,Z,T,G,J;4;B,I,Z,T;4;P,A,H,G;4;H,O,G,L;
19;K,R,Y,B,S,T,F,H,U,V,E,W,X,I,Z,C,J,G,Q;6;B,M,P,R,T,N;4;E,C,H,O;4;M,I,S,A;
16;M,R,S,G,X,V,K,F,B,D,U,T,C,W,Y,E;4;I,B,F,V;5;X,P,U,F,V;5;X,C,Z,A,B;
26;R,L,W,A,I,P,C,V,O,D,S,E,N,Q,M,T,F,B,Z,X,K,U,Y,J,H,G;5;Q,K,H,V,Y;7;F,D,C,V,J,E,U;7;K,I,N,A,X,P,S;
21;F,S,A,V,O,G,N,Z,W,B,C,P,I,M,X,T,K,U,Q,R,J;5;H,K,L,R,C;5;D,Q,H,T,M;5;E,T,Q,R,K;
22;O,B,E,C,D,R,X,K,S,J,T,U,Q,V,F,N,W,P,Y,G,Z,I;6;F,G,M,N,Q,P;4;F,A,Z,X;6;I,T,W,Y,Z,H;
24;L,O,A,F,Q,M,B,P,D,R,E,N,S,H,G,I,X,J,C,K,T,U,V,W;4;F,T,L,Y;7;G,N,S,T,D,R,I;6;Z,F,G,P,U,L;
23;A,U,W,B,T,H,D,L,S,Y,R,X,M,V,Z,Q,P,O,E,N,K,I,J;4;B,J,M,C;7;Z,B,T,E,R,V,L;4;V,L,O,I;
15;C,Y,W,Z,M,S,B,D,X,Q,E,F,V,N,G;5;B,J,Q,W,K;7;E,C,M,J,B,T,W;6;Q,S,B,F,Y,I;
19;X,H,J,G,Q,N,O,W,I,C,P,V,U,Y,R,Z,T,K,S;6;E,V,A,P,B,I;4;C,J,U,R;6;K,R,D,L,V,T;
26;A,D,P,S,X,Q,G,T,J,F,U,N,R,E,L,K,C,Z,O,M,B,H,V,I,W,Y;4;M,G,R,Y;7;R,K,D,G,H,M,I;5;G,F,E,X,Z;
21;W,S,K,J,P,H,N,O,T,Q,Z,X,I,R,L,Y,C,U,B,M,A;4;W,O,L,J;6;C,K,R,U,O,H;7;I,E,K,J,Z,P,S;
26;D,B,T,G,V,H,N,S,M,C,E,O,F,P,I,J,K,Y,L,U,Q,R,W,X,Z,A;6;H,G,Z,R,K,A;7;I,A,W,P,O,G,K;7;X,C,G,S,B,U,E;
26;U,L,Y,C,H,I,J,K,E,S,W,R,M,B,N,Z,D,F,O,T,P,Q,V,X,G,A;7;C,T,A,E,H,X,F;6;T,Y,S,B,H,V;4;Q,G,T,W;
22;K,W,G,U,C,N,I,L,J,M,H,O,X,V,E,P,Q,R,F,S,T,Y;5;M,V,X,S,R;7;Q,O,W,J,S,A,K;5;I,D,Z,Q,K;
25;U,C,E,V,Y,F,P,W,S,H,X,B,M,Z,Q,T,I,R,O,N,L,K,D,J,G;6;C,B,G,V,H,E;5;E,Z,T,N,W;4;O,Y,A,N;
23;B,M,Y,S,C,L,X,I,G,N,J,V,T,D,O,H,A,Z,W,K,U,E,P;4;O,S,J,C;4;A,F,S,M;7;A,P,T,J,N,M,F;
17;A,N,H,L,O,M,K,J,P,Q,W,F,D,R,G,S,B;4;V,B,M,X;4;T,K,A,L;4;J,M,T,X;
15;Q,J,K,I,A,P,U,R,L,V,S,C,W,T,D;5;D,O,Q,A,I;4;G,N,I,M;5;T,U,S,H,J;
16;L,O,R,Z,I,Y,X,E,P,V,W,M,D,T,F,J;7;C,E,H,I,S,M,T;6;W,X,M,L,U,R;7;L,J,N,Q,R,M,F;
22;H,W,T,Z,V,I,E,B,Y,G,P,X,M,U,S,O,J,C,Q,R,A,D;4;I,K,F,R;6;R,T,X,V,F,E;6;G,A,P,T,I,U;
21;R,Y,H,E,C,S,D,M,O,F,V,I,X,G,B,Z,P,J,A,Q,U;5;G,I,P,N,L;5;U,Y,E,X,T;6;W,B,N,Y,J,R;
25;E,D,F,G,H,B,N,C,O,I,J,K,L,Q,M,Y,A,R,X,V,P,S,T,U,Z;4;T,C,Q,E;6;N,M,C,R,O,I;4;M,Q,J,H;
21;I,E,R,F,U,N,B,M,C,T,J,W,L,P,D,V,X,S,H,G,K;7;F,R,N,T,D,H,V;4;X,Z,K,D;6;N,M,K,T,O,F;
14;O,S,D,G,H,Y,M,P,U,X,F,Z,I,Q;5;J,A,T,L,N;7;N,V,A,Q,J,D,L;6;O,P,I,R,T,G;
26;U,B,V,J,C,K,P,L,T,Z,M,D,W,G,N,H,Y,F,X,R,Q,E,S,I,O,A;5;Z,Q,S,L,W;5;B,N,J,H,G;7;E,T,F,V,N,C,H;
17;J,N,T,O,X,P,D,G,B,C,Z,E,S,Q,F,I,R;6;G,S,Z,A,O,H;6;V,R,I,C,J,F;5;F,K,G,D,N;
23;T,E,S,Y,Z,R,I,N,X,B,O,F,K,A,D,M,W,C,U,P,Q,V,L;6;J,H,Z,K,T,U;5;C,M,B,E,Y;6;Y,D,K,Q,V,C;
17;R,I,S,C,J,F,T,G,W,A,K,B,X,Q,O,H,L;4;T,S,Z,A;5;D,B,F,Q,U;7;I,U,B,H,K,X,W;
19;V,I,W,F,B,L,E,R,Y,H,U,A,G,J,C,X,T,Z,K;5;Q,S,Y,R,D;6;S,L,A,J,B,G;4;Q,I,R,D;
16;Q,K,O,J,L,V,X,D,N,E,Y,R,A,F,Z,W;7;C,N,D,B,S,U,O;5;E,V,J,K,A;7;L,U,G,R,Q,V,W;
15;W,B,P,Z,Q,C,D,H,E,A,V,X,L,N,I;4;F,X,O,S;7;U,D,Q,N,F,X,C;6;G,M,L,Z,P,S;
15;Z,F,U,Y,J,L,C,X,R,K,D,Q,V,S,W;6;W,F,I,U,C,K;5;P,U,Q,V,D;5;I,X,Q,T,O;
22;H,A,F,Z,M,E,W,J,N,D,V,C,G,S,I,K,Q,L,O,P,R,T;6;X,D,R,W,C,Q;4;L,K,E,V;7;Z,O,N,I,P,K,E;
16;M,G,N,K,J,L,Z,W,F,R,Y,O,P,U,X,A;6;W,Z,O,D,T,E;4;V,X,U,A;7;K,I,J,X,A,W,H;
19;O,X,V,Y,T,P,L,U,G,I,H,W,Z,F,E,S,M,J,K;7;A,R,W,L,N,G,I;4;B,G,Z,U;4;I,P,K,A;
19;N,P,A,R,Q,Y,S,M,I,E,K,F,J,Z,V,G,T,H,D;6;H,T,X,L,G,E;4;T,N,G,V;6;U,N,J,A,O,H;
21;Y,F,H,E,L,P,I,U,V,X,T,W,Z,S,R,K,J,O,G,C,M;4;F,W,H,K;7;Y,N,M,I,H,D,J;5;M,U,N,R,I;
17;I,D,B,J,Y,S,H,K,O,L,U,E,T,V,P,W,Q;6;Z,I,B,L,P,W;4;X,T,S,L;7;A,G,P,R,H,J,N;
17;M,A,R,U,J,L,B,N,O,Z,C,D,E,F,G,Y,H;5;P,M,H,X,N;4;T,Q,R,N;6;V,J,W,A,N,X;
24;Y,V,D,X,S,P,E,R,U,C,H,Q,T,W,B,A,Z,M,K,O,L,N,F,J;6;T,Q,D,E,U,B;7;M,S,P,O,J,F,E;7;V,W,T,P,R,B,L;
14;F,Z,C,O,P,W,T,G,U,L,M,H,R,J;5;D,V,M,A,P;5;I,B,V,G,W;4;Y,P,W,R;
25;E,D,M,N,A,L,F,O,H,Q,K,Z,S,T,W,P,R,Y,U,X,B,V,J,I,C;5;X,D,R,I,Y;5;E,X,K,V,T;4;J,Q,T,V;
17;T,L,P,Y,W,D,M,N,U,O,J,K,Z,X,Q,S,V;7;S,R,N,T,O,A,K;7;Z,V,P,K,W,D,S;7;S,Z,A,K,F,X,D;
15;I,B,O,Y,C,S,K,U,G,W,M,P,Z,X,D;7;Q,X,J,K,I,O,L;6;N,A,G,V,Y,K;5;C,R,V,B,K;
24;S,K,L,H,P,D,M,B,V,J,G,Y,I,N,Z,O,U,Q,R,T,W,X,F,E;4;N,U,K,Y;5;R,Q,P,N,Y;7;Y,E,G,R,C,N,M;
24;G,H,W,U,R,P,Y,L,N,A,O,B,I,C,Q,S,X,T,V,E,J,Z,D,M;7;D,B,X,U,O,V,M;7;M,A,E,V,G,I,P;4;X,R,W,O;
14;R,G,I,V,T,J,B,D,H,M,O,S,F,Q;6;D,E,J,Q,F,K;5;F,W,Q,O,V;6;E,V,T,Y,G,K;
19;A,B,R,M,L,O,N,V,G,F,S,C,T,J,U,I,P,D,Q;6;C,X,L,W,N,D;5;G,W,N,I,R;6;K,T,S,D,C,X;
14;V,S,L,K,W,Q,B,U,R,X,G,H,Z,T;7;W,S,F,B,L,Q,T;5;T,X,C,P,G;5;N,J,S,B,E;
26;E,J,U,D,Z,P,K,G,Q,M,L,F,S,Y,B,V,X,W,R,T,N,O,I,H,C,A;6;U,E,O,A,I,Q;4;L,S,G,Y;5;A,H,I,U,J;
26;T,A,U,F,B,K,Y,G,C,Z,H,V,D,I,M,E,J,X,N,L,O,P,Q,R,W,S;4;F,J,P,I;5;T,O,K,S,H;5;L,R,M,N,G;
17;Q,D,K,U,I,L,X,M,H,P,T,G,R,N,W,O,E;5;R,L,E,A,X;7;Z,G,F,I,M,K,Q;7;M,N,Q,O,D,K,E;
16;R,F,U,H,N,I,A,B,G,K,Z,J,P,V,L,W;6;G,T,X,M,S,P;7;J,A,F,I,Y,V,H;7;C,P,N,T,Y,A,U;
24;Z,P,Y,C,S,G,R,D,T,E,O,Q,M,N,X,H,I,U,V,W,L,F,K,J;4;V,D,Z,J;4;V,Y,N,B;5;I,X,H,K,N;
22;A,T,P,Q,G,R,N,O,K,U,Z,M,B,F,C,V,W,S,X,Y,L,J;7;F,U,X,V,A,E,W;7;Q,R,B,E,O,P,K;5;Y,F,D,V,E;
24;F,N,M,G,T,K,H,W,V,L,I,S,J,X,O,U,R,Y,P,Z,Q,E,D,C;6;B,E,R,P,V,G;7;V,A,Y,T,C,Q,R;7;A,X,V,W,F,G,M;
24;Y,N,H,F,G,O,I,X,W,J,U,L,Z,Q,V,P,R,D,S,T,M,K,E,C;4;X,U,D,T;6;S,N,H,C,F,R;6;Y,J,F,W,M,V;
21;B,Y,Z,J,S,F,T,K,H,P,U,V,L,X,A,E,W,C,R,M,G;7;X,K,E,F,M,T,L;6;X,V,O,W,J,Y;5;U,B,X,S,W;
21;A,D,U,G,H,Q,I,Y,R,V,J,F,Z,K,M,E,L,N,B,O,P;5;C,V,J,B,H;7;B,L,E,Q,O,H,G;6;U,A,B,I,S,K;
26;W,D,X,R,E,S,G,H,Y,V,K,Z,O,U,M,T,A,Q,L,P,I,B,N,C,J,F;5;M,U,H,C,N;4;V,D,H,Z;6;A,H,U,D,R,M;
16;B,Y,Z,X,W,V,U,P,Q,K,R,L,T,E,S,C;6;N,W,R,A,E,L;4;S,Z,F,I;5;A,U,E,Y,B;
21;V,R,C,U,T,W,X,I,H,M,D,F,G,B,N,J,E,K,O,S,L;6;N,P,F,K,Q,A;6;R,E,K,F,U,P;6;C,X,Q,A,U,O;
18;S,C,P,J,T,U,V,X,Z,W,K,Y,D,F,R,O,Q,N;4;Z,J,S,H;4;R,K,X,I;7;E,I,X,K,B,L,J;
18;W,J,P,M,D,N,R,L,Y,O,E,Q,S,T,X,C,U,V;6;B,K,X,P,F,L;7;W,P,O,D,L,B,F;4;U,G,X,Y;
24;H,C,G,O,S,L,X,B,J,U,Z,P,D,M,T,Q,I,Y,A,W,E,V,R,F;7;G,M,C,J,O,I,D;7;Y,D,L,X,U,G,Q;5;Q,X,J,Z,U;
18;E,D,L,B,F,O,Z,G,M,J,K,H,Q,I,C,N,P,A;4;H,Q,O,K;4;F,Y,D,H;4;J,X,F,C;
24;K,P,D,E,T,I,Y,W,Q,Z,L,R,M,G,U,A,V,N,B,O,X,S,J,H;6;G,Z,L,F,K,Q;4;R,Z,L,E;4;X,E,R,U;
14;H,V,E,U,L,N,B,I,S,O,J,Q,M,W;7;C,O,E,D,Q,A,N;7;F,I,J,O,N,A,D;6;T,K,C,X,F,O;
15;M,K,B,L,O,N,E,Q,F,W,X,J,R,P,U;7;Y,L,G,V,I,O,N;4;R,M,Z,N;5;L,D,W,H,P;
17;G,P,E,V,F,R,C,W,X,S,H,I,A,L,J,D,B;7;Z,X,R,E,H,N,J;5;Z,S,E,R,W;4;N,E,X,H;
22;B,Q,K,A,T,O,P,R,L,C,S,Z,U,W,E,V,M,H,X,Y,I,N;5;Q,V,P,N,H;4;D,B,I,E;6;R,D,F,P,B,W;
18;K,M,X,Y,W,U,Z,I,J,R,L,B,N,A,S,O,V,Q;6;O,I,B,U,S,T;7;V,C,I,D,T,M,G;7;X,F,Y,B,M,V,Q;
15;L,W,B,C,K,M,D,T,Z,Q,H,R,U,V,E;6;U,M,T,Q,Z,F;5;U,W,J,D,K;4;J,S,T,K;
16;H,Z,R,Y,T,W,X,A,C,K,S,B,F,U,L,V;6;J,P,G,I,V,F;6;M,K,G,T,X,I;7;B,C,M,A,R,V,Y;
24;P,O,H,X,S,C,R,T,J,U,Z,V,M,D,G,Q,E,K,Y,L,A,B,I,F;5;D,M,S,Z,O;7;P,K,O,X,F,N,W;7;J,H,B,V,X,U,E;
16;Z,A,H,Q,Y,U,F,O,P,V,B,R,N,I,G,C;6;U,W,R,Z,L,M;4;Z,D,A,I;6;R,C,J,A,O,I;
14;K,U,V,W,R,X,P,I,Q,A,F,N,J,S;5;C,F,U,T,A;7;A,K,N,R,U,V,P;6;T,Q,L,A,Z,R;
25;I,R,B,K,C,Z,P,D,Q,O,H,S,Y,T,G,X,J,L,E,M,U,N,V,W,F;4;P,V,I,G;6;W,V,N,S,A,R;4;D,C,R,V;
22;T,U,D,J,S,Y,O,V,P,N,W,Z,Q,B,E,G,X,R,M,I,L,C;4;S,V,U,X;5;O,J,B,M,I;6;H,I,Y,Z,G,C;
16;P,F,S,G,B,O,E,A,M,H,I,J,L,V,K,Y;5;F,D,N,I,L;7;C,N,L,Y,M,H,V;5;A,B,I,Z,O;
22;M,Q,Y,I,V,C,J,K,P,F,A,N,L,B,O,Z,E,W,X,U,T,R;7;Q,L,A,R,O,H,S;6;C,U,K,Z,Y,E;4;Z,G,C,Y;
20;K,A,H,F,G,B,S,I,L,W,P,J,Z,E,M,N,C,R,D,Y;5;Q,D,C,H,G;5;B,M,V,F,O;4;O,R,X,T;
20;B,F,G,A,K,C,E,H,V,R,L,I,T,J,M,S,U,W,X,N;4;H,J,U,F;7;M,N,W,P,Y,H,S;7;C,U,B,T,H,F,R;
19;Y,P,R,S,C,D,T,L,U,O,V,W,E,Q,F,Z,X,N,B;6;T,X,N,M,E,Z;4;T,L,J,V;4;P,J,V,O;
16;T,O,X,V,Z,C,P,Q,W,F,L,Y,D,K,U,S;7;A,F,Z,K,C,I,S;6;A,N,H,G,R,F;6;D,J,F,I,C,N;
19;R,W,Y,S,X,O,D,J,T,Z,M,V,I,U,Q,P,N,L,C;4;Z,U,L,E;7;S,F,U,T,J,R,A;7;V,E,O,Q,J,F,Y;
25;K,U,E,C,B,V,W,D,R,Q,F,P,G,X,L,J,H,S,I,M,N,T,O,Y,Z;6;B,R,X,V,G,Y;7;W,O,B,I,T,S,X;5;C,W,Q,U,I;
14;X,A,C,M,B,J,V,D,N,S,T,E,I,F;4;J,B,S,Q;4;Z,D,K,R;4;S,X,R,E;
24;H,C,D,Z,N,K,Y,T,Q,V,G,J,P,L,E,U,R,S,W,I,F,M,B,X;6;O,B,Z,E,I,G;6;W,C,K,N,X,M;5;M,X,F,W,D;
18;C,T,G,D,J,S,E,U,M,K,F,V,P,A,W,H,N,X;6;Z,I,S,Q,C,K;7;F,D,B,X,Y,K,O;6;Q,G,H,A,P,X;
26;X,Q,G,O,D,F,A,H,E,V,N,W,I,Y,M,Z,K,B,L,U,J,P,R,S,T,C;5;F,K,H,T,U;4;T,P,J,E;7;Q,L,Z,H,U,N,X;
21;G,R,U,V,X,K,N,Q,L,Y,Z,F,M,W,T,S,I,H,P,J,O;4;B,G,Z,X;5;M,G,H,W,X;4;N,O,U,M;
17;N,R,D,L,V,J,M,U,S,X,B,Y,W,E,O,A,Q;5;Z,S,O,H,A;6;Q,I,G,Y,X,V;4;V,N,R,W;
18;X,D,C,B,Q,P,R,Y,N,I,S,H,V,O,F,T,G,U;7;P,V,A,F,X,K,B;7;Z,H,G,T,D,A,N;6;J,E,S,A,Y,X;
19;I,R,H,O,S,D,P,Q,J,L,E,M,N,T,V,X,K,W,F;5;M,K,A,R,H;5;X,O,B,Z,H;6;B,L,R,Z,I,P;
17;J,O,M,N,Q,F,G,E,H,A,U,P,R,S,V,K,T;6;Z,P,Y,R,H,A;7;A,M,P,W,L,Y,X;7;N,F,B,S,X,K,L;
23;B,T,I,D,F,H,G,C,S,R,J,V,Y,L,O,U,X,K,P,M,N,E,W;5;T,W,U,P,D;5;U,M,Y,L,I;5;S,X,W,C,N;
19;T,P,Z,G,C,Q,H,I,X,M,E,J,Y,K,L,U,V,N,O;7;U,B,Y,K,O,Q,R;5;C,R,O,X,F;5;I,M,S,B,F;
19;D,N,Q,C,V,O,W,P,M,E,U,R,L,S,H,T,X,Y,B;5;C,M,B,H,X;7;J,Z,F,S,Y,I,L;4;D,Y,J,F;
25;Y,P,O,J,S,N,T,U,F,Q,R,K,V,L,W,X,M,Z,A,I,E,H,G,D,C;5;X,S,V,W,T;4;Q,R,Z,W;6;C,Z,Y,B,U,R;
25;N,I,W,X,P,Y,A,O,K,H,Z,B,C,T,Q,V,J,R,U,L,S,M,G,F,E;6;L,V,D,Z,B,E;6;L,V,W,B,A,P;5;M,W,H,S,Q;
25;N,T,M,S,C,D,Y,G,R,O,P,J,U,W,A,V,I,Z,B,E,L,Q,H,F,K;4;T,K,H,X;6;H,T,C,F,Z,E;6;B,I,Z,Q,F,P;
25;B,T,X,U,C,D,Y,J,O,Z,V,S,W,R,P,E,F,A,Q,N,M,L,G,K,I;5;Z,H,P,E,L;6;U,K,I,V,M,N;4;B,J,K,V;
14;Y,A,V,W,I,K,X,Z,D,E,U,T,S,Q;4;A,Y,G,T;6;U,M,S,L,R,E;5;G,R,U,A,F;
18;C,K,W,Z,N,F,L,X,D,O,G,H,B,J,I,R,M,P;5;E,F,Y,T,Z;5;T,R,J,X,K;6;T,Q,N,Z,B,C;
17;V,S,A,B,N,K,Q,D,Z,J,E,M,W,O,T,P,R;6;G,V,C,R,K,E;5;D,C,N,R,Y;7;O,V,A,L,N,J,E;
22;O,G,Q,L,U,R,H,D,F,Y,A,S,X,W,M,Z,N,I,E,V,J,K;7;W,T,F,P,Y,Z,M;4;V,H,S,D;7;M,L,F,T,A,H,K;
15;W,Y,G,X,Q,Z,E,V,I,A,H,T,J,P,M;5;Y,E,B,T,A;4;V,L,F,C;7;C,L,K,X,J,D,F;
14;X,M,S,N,D,E,J,R,Q,I,O,F,L,Y;4;X,Y,H,W;5;J,E,T,U,Q;5;I,P,D,H,O;
16;G,Y,N,Q,O,A,K,L,R,P,S,T,U,B,V,C;6;D,M,O,X,R,J;5;R,D,W,F,Q;7;N,F,I,E,U,Z,T;
16;O,L,M,Q,N,C,T,B,D,H,J,P,Z,R,S,U;7;C,F,M,G,J,X,P;7;S,J,T,I,E,P,C;5;Q,X,A,R,N;
21;B,S,J,E,Y,L,F,Z,N,D,U,P,O,A,X,V,C,G,K,H,W;6;K,B,N,T,Z,V;4;N,R,U,E;5;V,L,Q,A,R;
26;G,K,W,F,I,Y,B,J,L,T,N,A,H,D,C,O,R,E,M,V,P,Z,S,Q,U,X;5;F,U,Y,A,W;6;B,F,Y,X,G,L;4;U,V,C,X;
14;G,Q,B,X,E,Z,M,I,T,Y,J,W,A,K;6;V,M,I,U,O,N;4;J,L,Q,A;4;I,G,F,Q;
19;J,W,V,N,R,X,F,I,Z,Y,E,U,T,G,H,S,K,C,B;7;X,E,L,O,G,U,T;6;E,I,T,X,Y,N;5;V,B,Q,M,X;
26;T,Q,O,S,M,K,L,W,H,I,P,C,N,D,R,Z,J,A,U,V,X,E,Y,G,F,B;7;B,W,X,Q,V,P,S;4;R,F,P,J;6;W,I,E,L,T,Z;
23;I,L,D,U,V,B,Z,T,R,W,S,X,M,C,Y,J,Q,F,G,K,N,E,O;4;I,A,G,N;6;Q,H,A,W,N,J;4;C,K,M,Y;
26;Y,N,R,T,S,U,V,I,P,F,O,X,W,G,Z,Q,M,L,K,J,H,E,D,C,B,A;5;T,R,U,X,A;7;P,R,E,F,Y,M,X;5;V,L,Y,T,H;
20;Y,E,B,K,W,F,J,Q,P,C,X,D,L,T,Z,S,G,V,U,N;4;C,T,H,N;4;W,N,I,P;7;H,A,I,S,M,D,W;
19;W,C,B,N,F,D,Z,E,U,G,H,I,J,K,R,L,V,M,S;7;O,D,C,I,B,R,K;5;X,M,A,H,G;6;W,M,U,G,V,A;
21;V,W,K,C,U,Z,O,F,N,P,H,X,L,Y,G,B,T,I,S,R,Q;6;K,B,N,M,R,Y;7;X,Z,U,Q,R,D,W;5;L,U,M,B,Y;
25;M,J,N,Q,D,O,C,B,S,Z,T,P,E,F,G,R,H,U,A,V,W,X,Y,L,K;5;W,D,E,U,Q;4;L,G,B,C;6;D,E,A,C,G,B;
22;B,V,S,Z,M,L,R,A,X,G,Y,D,W,O,C,T,E,F,H,U,Q,I;5;J,W,H,E,P;4;Z,D,W,N;7;W,A,I,U,P,S,H;
16;P,A,Q,O,W,T,I,C,J,X,K,Y,D,M,Z,B;7;M,S,C,B,T,F,I;5;M,N,V,O,W;5;J,A,D,R,M;
23;V,C,S,I,D,E,F,G,K,J,H,Y,L,M,Z,O,N,P,Q,R,T,U,W;6;A,T,L,Y,F,R;5;A,M,Q,D,C;5;H,J,L,I,O;
23;K,Z,J,L,I,H,C,M,N,E,Y,O,S,P,Q,R,X,T,U,F,G,V,W;7;Z,S,Q,A,M,D,K;4;V,B,O,A;5;Z,T,P,D,U;
14;D,G,H,N,I,P,M,J,F,B,K,E,L,O;6;O,B,M,P,J,W;4;O,D,Q,X;6;R,H,X,O,D,F;
16;Y,V,T,E,Z,A,G,B,I,J,X,R,S,F,D,U;4;X,L,H,D;5;F,K,O,I,R;7;H,G,N,B,X,U,O;
17;L,V,S,B,P,T,U,W,C,I,M,X,A,J,N,O,D;4;G,B,Z,C;5;E,Q,K,D,L;7;X,Z,J,I,G,T,L;
22;I,E,B,X,Y,Z,P,D,C,J,V,Q,H,M,F,G,W,N,K,L,O,R;4;M,I,J,W;5;U,L,Q,D,G;4;A,T,C,S;
20;W,Y,Z,B,C,N,Q,L,D,U,O,X,V,P,R,K,S,M,H,T;7;W,N,O,P,Y,K,J;5;H,D,X,A,K;7;O,R,G,T,U,K,A;
16;Z,W,F,A,C,R,P,V,Q,M,H,T,I,L,X,O;7;G,N,M,D,O,C,V;6;Z,U,I,F,X,P;5;Z,F,A,J,Y;
22;M,Q,V,D,Y,W,I,L,N,P,H,Z,E,X,C,U,R,F,S,J,T,G;6;C,A,E,V,P,H;7;Q,U,K,H,S,F,Y;5;X,C,R,E,Y;
19;Y,H,Q,Z,P,R,W,S,T,U,N,C,V,X,O,M,I,J,L;5;E,S,W,L,I;7;E,I,H,P,L,V,K;7;Y,J,W,L,Q,S,U;
15;S,D,P,Q,C,G,V,W,J,Z,R,F,L,Y,X;7;Y,L,I,F,X,A,R;4;P,T,B,L;4;F,Q,M,S;
23;P,O,S,D,I,T,U,V,G,E,J,F,K,A,Q,B,C,W,L,M,H,R,N;7;Y,O,G,K,Q,P,I;4;L,T,Y,O;5;G,U,X,E,K;
19;H,K,E,N,B,X,V,I,F,L,A,G,J,Z,W,M,U,O,P;5;B,V,W,A,T;5;D,U,J,Q,I;7;S,F,Z,M,V,J,W;
24;G,X,D,S,P,L,Q,W,I,O,K,T,V,F,M,Y,Z,U,R,C,E,J,A,N;6;S,V,G,L,F,Y;4;Q,Y,P,Z;4;D,Z,G,B;
16;E,A,B,Z,V,X,F,N,C,I,R,Y,U,O,S,G;4;N,L,O,K;4;C,U,N,X;6;P,M,W,N,U,G;
23;R,J,B,N,F,Q,S,K,M,L,A,X,I,Y,T,O,W,H,P,U,V,Z,G;6;E,U,G,C,Z,O;6;Z,W,Y,J,B,X;6;H,T,J,Y,S,A;
14;Q,W,S,V,O,F,T,L,R,D,Y,A,U,X;4;E,X,M,L;4;Y,U,I,S;4;H,U,G,R;
22;A,Q,T,U,B,V,W,D,C,X,M,J,E,Y,Z,S,F,R,K,P,G,L;7;V,J,F,P,Q,N,R;4;R,C,G,K;5;W,P,M,N,O;
14;Z,G,D,A,P,C,B,V,W,U,N,L,J,E;6;E,R,G,X,C,N;4;K,B,D,I;5;I,X,V,O,N;
15;D,U,A,L,B,Q,V,Z,E,C,S,M,F,N,Y;6;G,C,W,N,P,J;7;J,X,U,H,R,Z,Y;4;W,R,A,J;
25;Z,Y,F,P,K,X,V,S,B,W,J,O,G,H,I,Q,L,N,U,T,R,M,C,D,E;4;M,O,S,P;7;C,U,S,L,H,I,B;7;G,F,T,Q,X,L,Z;
22;R,X,P,E,T,V,S,Y,U,Q,C,Z,B,M,W,O,N,L,K,J,I,H;5;L,E,Z,O,N;5;E,S,R,J,D;7;Q,J,R,Z,V,C,S;
25;N,A,R,X,M,B,H,V,K,C,L,O,Y,U,D,E,J,T,P,F,G,W,Z,S,I;4;M,X,Q,A;4;F,Y,J,O;4;O,X,C,K;
24;S,G,Y,Z,B,K,X,U,H,W,L,V,M,T,A,R,C,O,D,N,Q,P,J,I;7;N,E,L,B,U,O,V;5;Y,Q,N,P,E;6;M,C,V,F,B,D;
19;U,F,P,R,K,Y,Q,V,E,S,X,O,W,Z,G,D,B,T,H;4;J,X,I,Z;5;X,D,G,N,P;4;W,T,N,R;
14;J,L,M,F,G,T,U,N,Z,O,P,Q,A,H;7;C,R,T,P,N,E,K;5;O,M,Q,J,C;6;D,T,Z,R,Y,B;
15;N,Q,O,Y,Z,P,T,F,R,U,S,X,J,W,V;6;G,Q,R,B,J,O;4;K,X,U,Z;7;B,D,V,O,H,T,Y;
21;P,G,D,W,J,X,E,K,F,R,Q,H,M,I,Y,Z,L,V,N,O,S;6;G,Q,O,H,E,B;6;T,P,F,O,G,N;7;E,X,S,Y,D,F,P;
22;Z,J,D,W,X,K,H,I,L,N,Q,B,M,S,O,C,P,V,E,R,T,Y;7;H,K,F,U,R,V,L;6;E,F,D,Q,N,Y;4;U,R,G,Y;
19;Q,Z,W,J,K,R,L,F,D,B,M,I,X,S,V,T,N,Y,O;4;B,R,V,J;5;U,J,E,K,X;5;Q,T,B,X,U;
18;H,Z,I,K,M,U,X,B,O,V,C,Y,J,L,N,P,G,W;4;X,E,Q,Y;4;M,T,Y,F;7;V,W,I,H,F,O,M;
18;Q,C,K,X,F,G,H,T,S,E,I,L,J,D,M,N,P,W;4;P,F,S,U;6;Y,I,W,A,E,Q;6;N,R,J,P,H,A;
19;N,O,Q,C,L,H,J,P,G,F,E,X,A,T,W,R,K,I,U;5;Q,H,P,D,F;7;Y,K,X,M,E,I,R;6;J,R,D,G,Y,N;
23;U,X,G,A,B,J,H,Y,P,C,Q,I,R,K,Z,D,E,V,M,L,S,O,T;6;B,C,O,H,Y,I;6;X,G,K,E,T,H;5;N,L,D,J,E;
18;P,I,M,F,Z,E,S,U,T,Y,R,J,X,K,W,V,Q,B;5;W,G,I,B,M;5;S,O,C,X,V;4;N,X,K,Z;
18;N,U,T,Q,P,I,H,Z,W,R,K,V,S,X,A,G,Y,B;6;V,L,E,S,Z,T;5;S,O,E,V,C;6;H,F,I,U,N,E;
14;A,I,V,Q,T,O,X,H,G,J,R,N,C,K;4;N,T,C,M;7;L,A,V,T,E,R,Q;5;Q,R,B,S,Z;
22;M,V,L,K,N,G,R,H,P,I,J,O,Q,S,T,Y,X,U,W,Z,F,E;4;G,P,I,D;6;X,U,Q,E,D,V;6;A,E,R,G,K,P;
19;M,H,L,G,J,C,U,D,N,Q,X,F,Y,K,O,E,I,A,T;5;R,U,S,M,A;6;O,M,Q,V,U,B;7;G,Y,J,D,E,N,M;
21;U,C,T,J,V,W,I,F,P,X,Y,M,A,Q,Z,K,O,L,N,S,R;7;O,N,Y,Q,B,S,M;4;A,D,O,Z;6;Q,Y,R,H,C,V;
15;A,C,K,M,L,Z,N,U,B,V,D,G,Y,X,O;4;E,F,A,G;4;Z,Y,L,P;6;G,E,H,J,X,D;
24;J,T,G,Q,N,S,E,R,O,H,I,K,F,P,L,U,V,Z,A,W,B,M,X,Y;4;V,X,E,W;4;P,M,X,H;4;Q,L,Z,P;
25;S,C,E,V,U,R,P,N,I,W,Q,A,G,O,Y,X,H,Z,T,L,M,K,J,F,D;5;V,I,N,B,K;6;X,V,Y,Z,B,C;7;S,O,I,M,W,L,B;
16;P,D,B,G,M,F,L,C,E,N,O,W,Q,H,V,T;6;B,N,H,V,P,Y;6;C,X,B,E,F,Y;7;C,K,D,T,J,I,F;
21;L,H,G,E,D,M,F,J,X,N,O,P,R,K,B,I,U,Q,T,C,V;5;M,K,X,N,B;7;V,M,N,W,T,K,F;7;Q,A,U,M,Z,B,H;
22;W,M,S,K,V,Y,Z,L,N,T,X,O,U,I,P,Q,B,R,J,F,H,G;6;E,O,H,Q,I,J;7;X,O,S,J,Q,R,F;4;C,Y,J,W;
23;S,F,R,Q,U,O,T,V,H,N,J,W,X,A,D,L,Y,C,B,Z,P,M,K;6;L,U,J,T,S,A;4;F,T,D,U;5;O,M,L,J,U;
20;I,P,J,Q,N,D,B,U,O,M,R,S,W,L,T,K,V,A,X,Y;7;P,F,S,M,R,O,N;6;Q,W,T,I,X,N;5;D,N,B,H,S;
24;U,Q,J,C,P,D,Y,R,O,I,V,N,A,S,Z,E,F,L,K,G,M,H,T,W;4;J,G,L,X;6;I,W,V,M,P,Q;7;T,O,G,R,L,Y,H;
26;S,A,J,G,V,C,T,U,D,W,X,Y,H,I,Z,N,R,M,E,Q,P,K,L,O,B,F;6;N,H,Z,O,Y,E;4;I,C,V,D;4;T,I,G,E;
14;M,C,X,B,Y,L,Z,O,J,W,Q,A,H,V;6;U,F,O,E,Y,G;5;E,H,N,F,V;4;W,S,X,Q;
24;K,G,F,Y,J,H,W,P,E,L,I,M,N,D,O,Q,A,R,S,T,U,V,X,Z;6;E,X,K,T,S,B;5;Z,T,U,C,O;5;U,B,F,Y,J;
14;A,I,J,R,Y,D,B,G,W,H,E,K,L,Z;7;C,T,G,V,R,H,F;4;K,W,D,G;7;L,V,Z,J,P,X,S;
25;G,N,J,T,K,E,F,U,X,V,W,C,L,O,Y,P,H,M,I,D,Q,R,Z,S,B;4;Z,D,E,K;4;C,K,L,N;4;Z,D,A,J;
16;K,L,U,F,Z,B,O,G,I,A,R,J,W,C,P,S;4;K,X,P,A;5;T,W,M,L,N;4;N,C,Z,L;
21;S,N,O,L,F,C,G,T,V,H,P,A,I,X,U,Q,W,R,Y,B,Z;6;T,G,Y,Q,L,R;5;O,C,N,B,U;4;X,I,G,U;
15;Q,Z,E,I,J,A,F,O,R,Y,N,L,H,C,S;6;N,R,Q,I,L,E;7;K,X,E,L,C,W,R;4;S,U,X,R;
14;A,C,P,S,G,N,B,V,L,T,H,K,X,D;6;O,Z,I,U,L,R;4;Q,N,C,U;5;Q,D,L,C,W;
16;O,R,C,G,V,K,S,H,D,W,Z,X,E,L,Y,M;6;Q,C,D,B,A,S;6;S,U,A,H,M,W;5;O,E,T,Z,G;
26;Z,H,Y,A,X,W,B,U,L,C,M,S,R,E,N,Q,K,O,D,T,G,F,I,P,V,J;6;U,Y,F,K,L,A;7;P,B,S,M,Z,N,X;7;N,S,B,P,E,U,Z;
17;F,D,R,B,Q,L,N,P,S,T,M,I,K,J,V,E,G;5;N,C,T,G,S;7;Y,K,Z,H,M,B,N;6;T,U,O,E,G,Y;
19;H,Q,X,Z,M,V,N,G,I,O,E,S,Y,F,K,J,W,L,U;4;H,P,O,J;6;M,S,B,E,Y,J;6;V,U,B,Q,K,H;
21;C,O,V,A,L,M,D,Q,E,N,J,F,W,I,T,P,G,U,K,R,B;4;W,G,K,C;5;O,X,L,M,K;7;W,K,U,H,Z,P,C;
25;G,N,M,P,U,T,W,V,B,C,X,Y,J,I,D,E,Z,F,K,H,S,L,O,R,Q;7;H,D,Q,J,U,K,I;4;O,N,M,L;7;Y,F,D,W,L,N,Z;
20;O,R,M,C,I,S,F,T,H,U,D,W,X,V,A,Y,Q,Z,N,P;6;X,F,G,C,B,N;6;N,B,F,X,K,C;5;Y,M,F,K,T;
14;X,F,Z,H,O,G,Q,R,Y,W,M,I,V,U;7;I,O,B,P,J,G,R;7;T,Y,U,P,X,W,E;5;L,O,B,H,X;
18;M,G,F,L,K,I,Z,E,R,N,O,S,D,A,H,J,T,U;7;O,Q,W,F,Z,Y,D;6;F,Y,E,H,U,T;6;I,N,H,U,Q,F;
26;V,L,S,C,T,H,Q,A,U,I,W,M,N,O,X,R,Y,E,Z,P,F,B,K,J,G,D;4;T,I,Z,W;5;S,D,M,B,Y;4;W,J,A,U;
26;G,I,J,L,X,Y,T,M,P,U,Q,C,R,D,B,V,N,F,S,E,O,A,W,Z,K,H;4;Z,P,F,L;6;F,P,J,B,A,X;4;K,A,L,R;
24;U,Q,K,T,V,C,P,Z,R,A,D,W,X,Y,S,O,N,M,L,J,I,H,G,F;4;P,N,Q,L;6;W,B,C,H,V,Q;5;Y,E,F,T,L;
20;Q,M,Y,C,D,Z,L,X,R,N,T,O,G,P,W,F,E,S,V,U;5;L,Z,J,Y,R;7;Y,R,T,A,U,J,Z;4;X,S,P,T;
17;H,Z,F,S,G,M,Q,B,D,P,U,E,X,V,I,J,A;7;I,Z,K,P,E,F,U;4;N,Z,D,C;6;B,S,E,T,L,V;
26;R,F,M,S,U,O,G,A,W,E,N,H,I,V,T,J,Q,X,P,Y,Z,K,L,D,C,B;5;E,M,V,H,U;4;B,V,T,H;6;F,W,S,M,I,X;
17;E,L,F,T,K,W,U,P,X,Y,H,V,Z,S,R,G,Q;7;U,I,H,Q,E,K,L;5;A,Q,L,R,O;5;Y,E,F,V,A;
24;K,E,Q,A,R,C,F,V,S,G,T,B,N,D,U,W,H,J,L,X,Y,I,Z,P;7;P,Y,T,H,W,X,A;7;Y,Q,T,Z,B,V,N;6;P,Y,H,N,K,Q;
23;O,M,E,Q,H,G,L,B,F,R,N,I,S,J,Z,P,C,T,U,V,W,X,K;7;M,O,S,L,F,T,P;6;P,T,B,D,Z,X;5;Q,B,L,A,D;
24;D,L,G,A,R,Q,S,N,O,C,V,U,H,P,T,Y,W,X,E,F,Z,M,I,J;6;R,O,W,G,C,J;5;O,S,E,T,L;4;T,B,J,H;
22;N,H,Q,G,J,I,K,W,T,L,O,M,X,R,P,S,A,V,E,U,Y,Z;4;I,V,S,Y;5;N,G,Q,U,D;6;Z,L,S,J,C,W;
25;O,Y,B,A,M,F,P,Q,C,Z,N,G,R,S,T,U,V,X,D,W,L,E,I,K,H;5;V,R,J,S,X;5;V,I,P,Y,X;7;I,G,Y,R,D,Q,F;
26;D,E,I,H,F,U,S,J,K,G,L,Z,O,V,M,R,N,P,Y,W,X,Q,T,C,B,A;7;F,H,Q,L,D,X,O;4;Q,Z,E,B;6;Z,T,Y,L,J,B;
18;Z,W,G,R,S,V,T,F,Q,U,H,J,Y,X,E,P,O,I;5;T,Z,M,P,A;6;O,I,J,M,E,F;4;C,P,J,F;
23;S,Y,C,D,Z,H,I,W,X,T,U,R,B,L,V,E,G,P,F,Q,J,O,K;7;L,I,R,O,N,S,P;4;S,F,H,N;6;K,A,G,H,Y,P;
22;H,M,V,A,B,C,N,I,P,Q,J,K,O,S,L,U,D,E,R,F,T,W;5;T,K,C,I,O;5;N,V,G,P,Y;7;O,E,N,J,S,K,B;
20;A,J,Q,R,L,S,Y,U,M,T,K,B,H,C,N,D,V,W,O,P;6;Y,Q,W,R,M,U;5;O,R,M,F,X;5;I,V,A,O,B;
21;R,M,W,H,Q,Z,I,D,P,N,O,U,E,S,F,V,T,X,G,Y,L;7;N,V,K,C,Y,D,J;4;F,P,A,Z;7;S,I,P,A,T,M,D;
16;H,V,J,S,I,U,X,Y,W,F,Q,C,D,K,A,Z;5;K,U,G,D,I;7;T,E,O,P,I,R,C;6;N,G,W,Q,J,T;
26;X,L,I,P,Q,A,N,B,S,Y,O,R,T,M,E,F,U,V,W,Z,K,J,H,G,D,C;4;J,D,Q,S;4;J,G,C,I;4;G,I,Y,M;
16;A,W,C,F,G,Z,K,N,P,E,H,B,X,Y,S,O;5;J,K,V,Z,A;5;M,F,K,Q,D;7;K,X,G,V,O,B,C;
14;Z,U,X,I,W,Q,Y,P,A,V,T,S,F,R;4;A,G,C,F;6;R,Q,A,P,E,V;6;D,C,H,F,I,R;
21;N,W,J,O,C,P,Y,T,K,L,D,M,Q,F,E,H,R,Z,I,S,G;6;E,X,N,D,T,O;6;V,W,L,R,Y,I;6;Z,J,I,X,Y,G;
22;Q,X,E,R,F,H,J,G,D,A,O,P,I,W,K,C,L,Y,M,B,U,N;5;J,I,H,G,O;5;U,T,X,S,N;4;O,T,Z,B;
24;C,Q,D,E,K,P,F,M,L,W,T,I,J,Y,N,H,U,O,G,V,R,S,X,Z;4;L,G,W,O;7;B,D,M,Z,E,U,V;7;F,D,L,P,Y,O,N;
17;S,F,E,A,G,H,I,J,B,Q,C,L,K,M,D,O,N;6;N,D,V,L,W,F;5;E,Q,M,G,H;5;L,A,B,O,J;
21;H,E,X,Y,J,V,I,A,C,Z,F,B,D,N,G,M,K,W,S,L,U;6;H,D,P,L,F,G;6;S,W,D,V,Q,M;4;A,V,S,W;
26;R,L,S,K,M,E,U,Y,T,V,F,X,W,Z,N,G,Q,P,B,O,J,H,I,D,C,A;7;F,Z,B,E,I,D,X;4;L,T,W,G;7;X,G,F,D,R,T,Z;
24;O,T,F,M,I,J,B,K,L,N,V,Z,P,Q,C,G,A,R,S,W,U,D,E,X;4;G,P,C,X;5;F,D,I,X,G;7;T,F,Y,H,N,L,X;
18;F,Q,X,L,T,A,Y,D,N,U,B,C,E,H,M,I,G,V;5;Y,Q,J,S,G;6;M,Q,B,I,T,V;6;F,Z,D,R,H,V;
21;A,X,U,L,Q,J,Y,V,B,O,G,M,D,C,E,R,N,P,W,Z,F;5;N,R,V,K,P;7;J,H,T,D,B,E,A;7;H,N,Q,U,M,Z,O;
19;A,Z,N,X,C,O,P,W,Q,D,E,Y,J,F,G,H,L,K,V;7;N,F,I,U,S,L,A;4;J,K,F,M;6;F,C,W,U,Y,X;
17;B,A,K,F,E,H,M,N,C,I,J,Q,G,O,S,P,Z;7;X,F,G,P,U,O,K;6;X,P,C,M,T,V;6;S,Y,K,X,V,B;
21;P,L,U,X,J,Q,R,S,M,N,Z,V,A,Y,T,B,W,O,K,I,H;6;J,M,Z,Y,V,W;5;C,F,L,D,R;6;V,N,Q,D,E,A;
15;P,D,F,T,S,N,O,U,I,Q,R,E,J,V,Z;4;V,Z,J,H;5;X,N,Y,O,P;4;X,V,O,L;
17;E,Y,K,D,L,W,Z,N,I,M,O,F,X,P,V,R,Q;4;I,Y,A,N;5;X,F,Z,B,P;5;N,T,D,V,E;
18;Y,Z,D,N,A,O,E,V,P,X,F,K,W,Q,U,G,C,B;5;J,I,U,Y,A;6;X,E,B,I,G,D;4;D,A,V,O;
25;Z,U,C,V,A,I,W,P,B,Y,X,D,M,F,N,E,O,Q,T,S,R,J,L,G,K;4;X,T,A,C;6;T,G,W,U,E,I;4;W,I,N,E;
26;T,M,O,Q,W,R,D,H,G,B,C,U,V,Z,X,L,P,Y,E,I,F,S,J,N,K,A;6;J,M,Q,B,Y,D;7;T,W,H,V,J,L,D;4;M,R,S,T;
22;Q,A,H,B,O,D,E,I,J,C,Z,K,F,T,U,N,L,V,R,G,M,S;5;A,H,F,I,E;5;Z,V,Q,B,J;4;M,X,I,H;
19;S,A,F,G,M,B,N,L,V,W,O,D,I,T,K,X,Y,P,Q;6;R,Z,E,O,T,Y;4;Q,I,O,R;7;I,J,Z,V,R,O,A;
20;D,F,P,T,I,J,M,V,S,W,O,E,U,C,K,Y,R,L,X,A;6;Y,M,H,Q,V,Z;7;M,W,N,Q,K,T,L;6;I,V,Y,H,F,T;
15;O,J,Q,P,U,R,S,D,G,F,T,V,C,W,L;6;T,C,B,A,R,U;7;J,E,Y,Q,V,C,X;6;P,U,Q,E,N,S;
22;O,H,Q,R,L,P,Y,M,I,N,T,Z,S,U,B,G,W,X,A,V,C,K;7;L,F,Z,Y,H,G,I;4;O,Z,J,N;4;E,T,Y,O;
20;U,K,L,A,Y,V,X,C,P,I,M,J,G,T,H,N,O,Q,W,R;4;U,I,T,F;5;V,F,T,P,Z;7;X,S,C,T,I,H,A;
14;X,G,T,S,H,D,Y,K,I,U,J,B,V,W;7;B,U,E,C,M,Z,O;6;Z,S,K,D,G,R;5;R,W,C,N,J;
15;L,N,S,R,K,M,U,V,T,H,X,W,Y,P,Z;4;Z,J,M,F;7;P,U,X,G,A,N,T;4;B,X,N,U;
18;X,W,T,Q,Y,B,S,N,G,Z,U,V,R,O,P,C,M,L;7;H,Y,K,T,F,V,Z;5;J,H,S,M,B;4;D,G,Y,Z;
25;V,S,Q,A,Y,T,G,O,D,R,F,U,H,B,M,I,W,J,K,C,Z,X,L,N,P;4;L,H,G,A;5;P,G,J,X,F;5;A,K,E,F,N;
24;T,E,S,A,R,N,F,P,I,D,V,U,K,W,G,J,L,X,Q,M,H,Y,O,Z;6;U,R,N,T,B,E;5;E,Q,K,V,R;6;I,W,J,S,X,Y;
21;K,T,B,X,O,S,V,C,U,D,W,J,L,G,E,F,H,I,N,P,M;6;J,R,T,K,S,E;7;U,E,R,Y,O,A,H;7;Y,X,J,W,M,F,P;
22;E,N,Z,F,C,O,B,D,J,K,V,L,S,G,R,M,W,Y,U,H,I,X;4;S,Y,I,F;4;T,M,J,L;4;V,Y,L,D;
25;U,O,J,M,E,F,K,Z,L,Y,G,C,X,P,D,N,Q,R,H,I,S,T,V,W,B;4;E,A,J,Y;6;B,P,Z,E,X,C;5;Z,A,E,V,S;
23;Y,L,V,M,N,H,T,Z,A,X,C,E,I,W,S,P,J,F,G,U,B,Q,K;5;P,I,F,R,H;4;W,B,S,G;6;B,O,L,Q,I,D;
15;E,B,R,I,Y,M,U,V,G,H,O,K,D,J,C;4;R,T,G,K;5;I,U,X,A,J;5;F,R,I,N,Z;
19;J,Q,N,H,O,L,E,A,R,F,B,G,W,P,S,U,I,C,D;7;W,T,G,H,F,M,I;5;M,Z,K,S,L;7;F,L,A,G,I,S,E;
17;T,X,G,P,V,E,H,A,Q,Z,B,R,C,D,N,K,F;5;C,P,S,K,U;4;Y,E,O,I;6;T,V,M,G,K,I;
21;S,Y,W,M,X,I,J,Z,K,P,B,L,N,D,E,O,Q,R,T,G,U;7;J,V,T,O,N,K,G;7;Y,B,A,C,H,G,T;4;C,L,B,Q;
20;T,X,J,L,M,S,V,P,B,W,U,E,A,N,Z,C,O,D,K,Q;4;U,T,D,L;7;M,R,D,P,V,W,Z;4;G,K,C,R;
24;U,Q,F,W,P,R,K,Y,L,V,M,S,I,O,B,D,T,E,X,Z,N,J,H,G;4;J,B,X,F;5;M,T,O,N,A;4;F,O,G,V;
20;T,G,E,I,H,Q,S,K,N,J,U,A,L,O,P,F,M,R,C,B;5;C,A,O,K,J;7;R,T,L,Z,N,F,E;4;F,A,D,H;
16;I,B,T,O,L,D,C,S,W,E,P,U,F,V,X,J;4;M,B,N,V;4;U,K,B,R;6;Z,T,H,J,L,I;
20;T,Q,O,J,E,I,K,N,V,L,R,D,X,S,C,Y,M,F,P,U;7;M,E,B,K,X,R,L;5;K,I,U,R,B;4;K,C,T,E;
16;V,S,G,Q,R,B,U,W,O,H,C,X,T,M,Y,D;4;T,I,K,Z;7;S,F,B,O,X,Z,J;6;N,Y,T,O,X,U;
15;B,C,O,D,U,V,E,F,G,W,X,J,H,Y,I;7;X,N,I,W,T,O,P;4;D,V,L,C;6;T,C,F,N,S,M;
22;D,M,Q,K,H,N,L,S,T,F,E,G,U,V,O,Y,W,I,J,P,R,X;4;I,W,H,X;7;G,E,T,B,A,X,C;5;V,J,K,N,D;
14;J,C,A,I,L,M,B,N,K,H,D,O,Q,R;5;A,T,Y,M,L;7;V,T,X,K,I,J,A;7;E,B,W,G,C,L,J;
23;I,S,C,T,U,V,F,W,E,X,Q,N,L,D,Y,P,Z,M,J,R,B,G,K;4;Z,V,X,D;5;Y,M,P,B,E;6;F,H,V,C,O,Q;
22;C,P,J,K,H,E,V,I,O,B,L,X,M,D,A,R,Y,Z,N,Q,S,F;4;U,T,N,O;7;O,K,Q,B,F,E,H;7;Q,E,N,I,W,S,P;
22;D,P,Z,M,L,N,Y,B,K,X,W,O,R,S,Q,E,T,U,H,V,J,I;7;H,G,C,M,V,J,B;5;D,J,K,Q,F;7;W,I,K,J,T,X,H;
17;X,S,M,P,T,R,U,H,Q,V,L,E,A,G,W,D,F;7;Q,T,O,A,E,Z,F;6;L,O,B,F,U,I;4;V,B,Z,C;
26;O,E,J,H,W,C,A,U,Y,S,X,M,P,G,Z,T,Q,K,V,L,B,I,R,N,F,D;6;B,U,V,G,A,S;4;H,O,X,F;7;U,Z,N,X,A,G,K;
15;C,E,D,U,H,M,N,Z,Y,P,J,O,R,G,Q;6;S,Q,A,N,L,H;4;D,M,O,J;4;Y,G,O,H;
24;Q,U,A,R,J,C,S,I,K,X,O,G,P,H,V,T,B,W,L,Y,E,F,D,M;4;G,Q,J,Y;7;N,L,B,Y,Z,M,X;5;J,Z,U,H,R;
23;F,I,M,R,V,D,J,A,U,S,W,X,G,N,Y,Z,C,T,E,H,K,Q,L;7;N,E,L,U,M,K,I;4;V,F,A,Z;7;J,K,S,D,I,N,F;
19;A,N,S,X,L,B,I,J,K,M,O,P,Y,Q,D,C,R,E,F;5;B,H,O,E,S;5;E,M,K,W,F;5;M,J,F,D,R;
15;E,T,N,F,W,G,S,H,A,D,R,I,U,V,X;5;A,R,Z,N,B;7;R,U,X,S,W,M,K;6;I,J,S,X,L,N;
22;A,C,W,H,V,N,D,I,B,J,X,U,Y,Z,E,F,T,G,K,S,P,L;7;W,U,Y,D,V,R,T;5;R,V,B,Q,M;7;T,J,X,R,L,M,Y;
24;R,C,V,S,F,O,U,Q,E,K,T,P,B,L,W,X,Y,Z,N,M,J,I,H,G;6;O,V,U,L,E,T;5;D,I,X,R,Y;7;B,X,F,K,S,W,M;
25;O,R,C,Y,P,B,D,K,S,G,J,A,T,F,W,U,L,M,E,H,V,Q,Z,X,N;6;S,D,I,N,H,T;7;D,M,I,F,X,A,B;5;T,C,B,M,R;
14;P,Q,O,K,R,G,E,H,C,T,D,S,F,I;4;F,V,H,X;4;P,Z,E,A;5;B,I,V,N,H;
22;K,A,E,J,Q,R,F,I,D,B,X,S,L,T,U,M,N,G,H,O,P,V;6;J,M,Q,A,V,B;6;Z,N,C,O,P,T;7;L,J,Z,X,F,Q,O;
26;Y,L,V,X,Z,U,O,N,Q,B,W,J,H,T,S,R,P,C,D,E,M,K,I,G,F,A;5;O,X,G,J,S;4;F,Y,G,L;5;J,Y,A,G,U;
19;X,Z,L,J,H,K,Y,I,M,F,E,N,R,G,U,W,V,O,P;6;J,B,H,D,K,O;4;S,M,W,U;7;E,T,P,I,M,U,S;
22;O,U,V,R,X,L,B,E,S,K,Y,D,M,Q,T,W,C,Z,P,N,J,A;4;R,A,K,H;5;L,K,B,D,O;4;Q,C,M,W;
15;S,U,J,B,I,W,R,A,O,C,G,K,P,L,N;5;E,K,B,Z,Y;5;K,R,G,X,Y;4;J,N,V,Q;
17;V,W,Y,C,O,I,L,D,S,X,E,F,J,G,H,B,Z;7;T,P,J,U,X,M,G;4;E,C,W,F;4;D,L,S,F;
18;A,F,I,K,M,B,C,D,Q,U,N,L,Z,E,O,G,T,S;4;P,J,K,A;6;J,C,Y,N,H,L;5;E,R,I,W,N;
19;E,N,O,Q,B,C,P,H,D,U,F,A,I,R,S,K,Y,G,J;4;K,X,A,P;6;H,D,W,F,K,N;6;H,N,G,Z,M,E;
21;R,D,Y,Z,K,U,G,C,I,V,L,H,E,P,W,M,N,S,J,Q,O;7;F,L,E,V,G,S,Q;6;W,L,J,R,M,P;7;J,K,U,N,E,M,F;
19;C,Z,Q,V,X,F,O,P,H,D,E,Y,W,G,I,J,K,U,R;4;W,R,A,Y;5;A,F,S,P,G;7;I,O,S,K,J,C,X;
17;N,V,F,I,W,R,S,Q,J,X,B,H,M,K,Y,T,Z;4;N,B,D,Y;5;X,M,I,J,Y;4;L,I,A,J;
24;A,I,K,X,R,Y,E,V,L,S,O,B,Z,W,U,M,T,N,P,F,H,C,Q,J;7;R,M,Z,H,J,F,W;6;A,F,C,H,R,U;7;J,Z,S,W,A,U,V;
26;C,Z,B,Y,U,X,L,O,E,M,W,F,V,T,P,Q,S,D,G,H,R,N,I,K,J,A;4;X,Y,V,H;4;W,U,N,K;5;V,K,I,N,T;
18;I,F,E,Q,N,A,R,J,U,S,O,P,Y,V,L,C,T,W;5;K,T,N,F,R;4;E,G,F,V;7;U,N,O,P,S,F,W;
24;E,J,G,W,H,A,Q,T,X,R,I,B,Y,Z,C,P,F,N,S,D,V,K,M,L;6;T,G,O,V,I,C;4;J,Q,D,R;7;J,W,K,H,M,P,Y;
25;R,M,O,W,E,D,N,I,F,P,G,J,B,Z,Y,Q,X,H,S,K,T,L,C,U,V;4;G,F,U,A;5;A,I,L,R,X;4;G,H,E,Q;
18;Y,C,F,D,Z,N,E,Q,X,R,G,O,H,T,W,V,M,U;7;J,K,W,A,Q,B,I;4;A,E,F,R;4;W,S,V,T;
15;W,D,X,R,T,Z,K,J,C,S,A,H,P,E,Q;5;Z,D,O,U,L;4;H,B,J,I;7;T,E,C,L,W,X,Y;
24;K,J,R,W,Q,X,O,I,U,Y,P,S,L,T,M,V,Z,N,H,D,G,F,A,E;5;U,N,W,K,S;4;X,G,P,W;7;P,A,U,X,K,R,O;
22;S,E,F,K,W,G,B,O,L,U,T,X,Y,C,P,Z,V,N,R,Q,J,M;5;C,S,J,Z,U;5;N,T,Z,M,H;7;N,I,T,G,V,K,A;
24;U,Y,L,N,Z,B,F,V,R,M,W,O,E,K,P,Q,S,X,T,H,D,J,A,I;4;R,G,B,H;6;N,A,Q,H,W,F;4;S,B,C,R;
24;E,L,U,M,N,K,P,O,F,R,X,Q,S,I,D,T,G,V,W,Y,J,Z,H,C;7;Z,R,W,L,H,O,E;7;D,X,H,T,C,L,P;5;G,F,A,O,X;
14;X,P,B,D,W,Y,C,A,Q,V,H,R,G,I;6;P,Z,Y,L,B,H;7;Q,T,O,M,U,A,P;5;B,N,F,W,M;
18;N,U,F,Q,K,A,E,P,S,W,T,B,O,L,X,M,D,R;7;T,Y,I,A,G,C,U;7;D,B,W,I,Q,Y,P;7;E,V,D,R,A,Z,F;
24;W,Y,X,T,U,C,Z,O,V,L,I,S,B,R,Q,F,P,G,K,N,J,A,M,H;6;B,T,Y,L,A,J;4;V,N,Q,U;6;S,X,K,V,E,A;
26;F,W,R,A,C,D,Z,Y,S,M,X,G,V,Q,P,N,O,T,U,B,H,I,E,L,K,J;5;D,E,O,H,P;5;A,W,K,C,U;5;H,V,S,Y,J;
26;O,W,N,P,Y,G,U,V,Z,X,M,Q,K,D,E,C,S,B,T,R,L,J,I,H,F,A;7;Z,F,U,E,A,G,I;6;U,O,Q,Y,J,V;5;A,L,Y,C,G;
26;T,X,Q,K,U,V,A,J,H,B,P,Z,W,R,D,S,G,Y,L,M,I,O,N,F,E,C;7;K,T,B,G,F,V,H;4;O,S,H,D;7;Z,O,A,J,D,B,Q;
18;P,G,N,U,Q,F,T,H,O,V,J,E,L,K,W,X,R,Y;4;H,Q,R,V;5;O,N,P,F,A;7;M,J,L,G,Z,Y,H;
15;X,J,U,B,N,L,G,F,C,H,D,W,M,K,E;5;V,Q,S,P,N;6;M,K,W,O,Z,X;5;O,Q,A,Y,R;
22;D,B,C,K,L,E,P,J,F,M,A,U,Z,G,N,Y,Q,S,X,O,V,R;4;P,E,O,X;7;L,E,M,C,P,U,R;6;Y,D,C,B,P,K;
15;Q,M,O,R,A,T,I,N,P,V,J,W,U,B,Y;4;T,Q,W,X;5;Y,I,O,Z,S;6;Q,X,W,L,T,I;
22;N,U,H,M,G,O,P,Q,V,R,E,W,I,D,S,T,X,Y,Z,J,K,L;4;F,Y,N,L;7;I,G,N,M,V,H,B;6;B,W,Q,U,E,M;
18;O,V,F,E,Q,S,W,P,Y,M,R,X,A,G,T,Z,U,N;6;M,J,S,L,R,P;5;A,V,T,X,B;6;J,T,C,H,S,M;
19;I,O,E,V,P,M,Q,F,B,D,R,C,G,H,J,L,S,T,U;5;M,K,F,Y,E;5;D,K,C,W,P;6;R,M,O,H,D,L;
18;I,T,L,X,G,E,Y,J,H,K,W,C,Q,Z,V,A,D,U;7;F,Y,G,U,J,T,K;5;K,I,D,H,M;7;N,Z,B,C,P,T,G;
17;U,A,Q,J,G,N,E,B,F,I,H,Y,X,O,R,K,C;4;M,B,T,U;4;O,W,Q,S;7;Q,V,B,S,U,K,A;
21;X,Y,W,S,R,Z,B,V,G,N,H,I,U,D,Q,J,K,E,T,P,A;6;C,H,N,O,K,A;7;E,R,M,K,A,J,H;4;V,X,U,C;
22;L,M,Y,D,X,Q,F,C,Z,S,G,H,T,I,N,K,U,O,R,W,P,V;6;O,G,V,R,D,U;7;W,X,F,T,G,P,B;7;Q,S,T,U,B,C,X;
22;L,O,A,J,S,C,P,F,Z,B,Q,D,X,E,G,R,T,K,H,I,W,Y;4;X,Z,F,Q;6;V,E,Z,Q,J,S;5;H,D,C,J,R;
23;Q,S,U,V,I,T,F,H,K,W,X,J,P,E,C,L,Z,O,R,B,G,M,Y;6;U,T,H,X,A,S;5;J,I,R,P,Q;4;I,G,E,S;
15;V,U,S,G,H,M,D,F,J,A,W,K,B,Y,X;4;T,C,R,A;4;M,K,G,L;6;Q,G,J,L,S,C;
25;W,A,B,K,X,Y,P,F,C,Q,H,L,D,O,T,R,Z,E,M,N,S,I,U,G,V;7;J,K,X,A,E,T,V;4;T,P,Q,B;4;H,B,W,I;
16;L,C,Y,O,E,I,K,D,V,R,F,G,S,H,J,M;7;B,M,F,Z,C,I,U;6;Y,O,W,T,I,K;6;P,G,S,A,V,N;
17;T,R,I,W,K,J,H,L,S,F,M,P,U,N,O,Z,X;7;J,R,T,H,F,N,A;4;F,O,T,W;7;Y,B,U,J,R,Q,P;
16;V,M,D,C,U,X,P,J,Y,Z,W,Q,T,R,K,N;6;Z,B,K,U,H,D;4;S,K,P,B;4;Q,R,F,D;
19;E,S,L,K,D,R,Y,T,A,V,Q,P,B,H,U,Z,M,X,J;5;P,G,C,X,N;5;N,G,R,K,U;6;A,G,F,Y,E,B;
26;A,X,D,U,R,G,E,Z,B,P,Q,L,S,Y,F,C,K,H,I,J,M,W,N,O,T,V;5;O,T,C,L,Q;4;K,D,P,F;5;H,Y,S,U,G;
17;R,S,X,P,A,T,B,D,Y,L,C,Q,Z,U,O,W,V;6;H,X,D,M,L,F;5;E,Y,W,H,P;4;V,Y,A,M;
17;J,Y,D,F,L,X,S,T,B,H,N,E,Q,M,I,G,O;7;E,C,O,V,W,N,D;6;O,X,R,V,D,P;5;Y,N,X,G,Z;
21;X,G,C,Z,D,S,A,Y,U,W,I,J,R,H,T,L,P,V,M,Q,O;6;B,D,P,Z,T,W;7;N,V,B,D,W,H,Y;7;K,S,O,L,B,R,Z;
18;T,E,B,X,Z,J,I,W,C,N,D,K,O,P,F,L,Y,G;6;Z,L,M,K,O,G;6;O,E,M,L,H,Y;7;M,Q,B,F,R,D,U;
18;B,M,W,I,A,S,N,T,U,D,E,Z,R,O,J,C,F,V;7;I,J,X,T,K,P,A;6;D,S,T,C,E,G;5;K,G,R,M,N;
20;T,R,C,X,P,Y,W,M,I,A,J,U,S,V,Z,D,B,H,O,K;7;M,K,C,U,A,L,E;4;E,G,Q,Y;6;Z,B,V,T,J,W;
15;A,Z,J,K,M,G,D,H,O,R,C,B,I,S,N;7;Y,A,J,K,I,O,N;4;N,C,S,O;4;K,Y,L,J;
14;F,M,N,D,S,H,Q,P,Z,O,K,R,E,C;7;R,L,W,N,G,S,Z;6;F,N,D,O,U,R;6;F,D,E,A,J,R;
17;J,L,X,E,R,T,I,S,P,M,N,K,G,O,Z,Q,U;7;L,X,Z,U,I,F,D;6;V,M,G,W,E,Y;6;C,A,B,S,X,K;
24;T,S,U,M,O,V,W,X,N,G,A,C,Y,Z,P,I,Q,J,K,L,H,F,R,E;4;A,N,B,V;6;E,Q,X,C,U,A;4;E,P,R,G;
25;N,D,A,V,O,E,I,X,K,S,F,G,H,B,W,J,L,M,P,C,Y,Q,T,Z,U;5;B,J,R,E,M;7;V,Z,X,Q,G,T,H;4;M,R,I,X;
18;R,J,I,D,Q,G,P,S,K,L,Z,A,T,U,V,M,N,O;4;E,D,T,O;5;Z,R,G,U,L;4;C,P,L,W;
17;N,R,L,V,M,F,O,G,U,P,W,X,Y,Q,A,C,Z;7;E,I,W,K,T,Y,G;6;M,C,S,I,W,N;7;W,U,Y,B,S,D,Z;
21;R,X,K,O,L,M,P,Y,V,F,W,G,S,E,U,H,Z,T,I,N,Q;6;H,S,K,U,I,Z;4;K,M,F,A;5;M,O,E,V,F;
24;Y,D,I,K,L,J,R,U,Q,S,P,Z,T,V,M,W,C,E,X,F,O,N,H,G;6;E,Q,P,J,Z,H;6;Q,O,F,C,H,G;5;K,Q,T,G,I;
24;O,A,I,C,D,F,R,S,H,T,J,Y,Q,K,L,B,U,V,M,N,E,W,P,X;5;D,W,K,O,Q;7;I,D,M,S,P,L,C;7;G,E,K,Q,T,I,Z;
17;Y,M,H,Z,R,X,I,K,S,O,W,V,U,E,T,G,J;5;B,Q,N,E,P;6;V,T,N,A,D,P;7;A,H,Z,I,X,J,P;
24;A,H,R,L,S,T,U,F,Y,I,J,B,Z,O,K,X,D,M,N,G,P,Q,V,W;4;L,Z,X,Q;7;P,B,K,E,S,W,J;5;Y,U,Q,K,L;
16;O,P,U,I,M,N,B,T,Q,S,R,K,H,V,W,X;7;L,G,K,Q,I,O,J;5;R,S,Z,L,B;7;E,R,V,Z,D,F,B;
21;G,C,P,A,H,B,R,S,E,D,I,J,T,O,L,Y,U,K,F,M,X;7;X,L,T,K,V,M,P;4;H,B,M,E;6;V,A,W,X,C,P;
19;D,H,C,S,W,Z,E,F,G,R,I,T,X,J,K,U,B,L,Y;6;L,Y,Z,C,V,R;5;C,T,X,K,M;6;R,X,V,S,E,B;
18;M,K,L,N,A,T,O,W,P,H,J,I,Q,R,Y,S,U,E;4;C,F,S,H;6;S,H,U,F,Q,T;5;U,Q,C,F,Z;
19;O,N,B,J,P,V,Y,U,S,Q,X,A,Z,W,T,G,F,D,L;4;I,W,U,Z;4;Z,Y,M,N;6;K,U,C,F,G,I;
23;I,X,V,H,Y,K,J,E,G,L,M,A,N,O,P,R,Q,U,S,Z,T,W,F;6;K,Q,S,N,G,E;5;G,W,O,F,T;7;U,D,M,A,I,N,C;
20;T,M,J,Z,Y,E,X,U,W,G,V,H,I,P,K,L,S,O,A,C;5;G,O,Q,I,K;7;J,Y,R,B,D,G,K;7;B,G,E,D,Z,K,T;
22;O,J,M,I,P,Q,C,K,G,A,R,B,X,D,E,T,S,L,N,U,V,Y;6;Z,D,U,G,S,R;5;K,D,J,P,A;6;M,A,D,K,N,T;
24;I,Y,T,U,M,B,R,V,O,W,S,X,H,Q,J,K,Z,P,C,L,E,N,D,G;6;K,I,F,J,U,O;7;F,W,T,M,E,B,O;7;P,G,W,R,S,X,H;
24;T,F,W,Z,I,R,Q,C,V,J,U,G,H,E,K,L,M,B,N,S,X,O,P,Y;6;T,L,D,C,X,A;4;K,G,J,P;7;U,F,M,A,Z,R,Y;
25;D,X,U,C,S,I,V,H,E,Y,F,M,J,L,Z,T,O,N,K,G,P,W,Q,R,B;5;E,I,V,G,Q;6;Z,Q,R,A,C,B;4;R,Y,N,D;
25;Q,X,B,G,I,R,H,S,T,L,Y,W,K,Z,A,J,V,U,M,P,O,C,N,D,F;5;C,A,I,B,K;4;A,I,K,C;5;D,B,J,W,L;
21;K,S,B,C,H,D,I,N,X,E,T,V,L,F,G,J,M,O,U,P,Q;7;Y,Q,U,D,N,P,J;5;I,J,A,T,R;7;U,G,N,O,K,X,R;
16;T,R,S,U,F,G,L,O,H,C,N,K,B,I,M,V;6;X,U,D,W,P,Y;7;N,M,E,P,Z,J,C;7;E,V,P,A,K,O,Z;
22;N,P,D,X,H,O,T,S,K,Q,B,F,E,G,U,W,R,Y,J,V,I,Z;4;J,B,Q,C;4;G,M,O,Q;7;Q,C,Z,F,J,N,M;
16;M,U,V,B,N,R,A,S,D,T,H,I,J,C,F,O;6;O,X,B,L,J,C;6;I,S,O,U,K,W;5;R,E,V,C,D;
17;C,B,O,D,Q,J,R,S,T,F,U,E,P,V,X,G,W;5;M,L,U,X,K;5;F,V,X,I,C;4;X,F,V,K;
17;O,N,U,G,P,L,D,I,R,J,H,Q,K,Z,S,M,T;4;I,M,K,J;5;Z,A,P,M,C;5;D,Q,F,M,T;
19;D,F,I,Z,U,A,V,P,L,J,Q,S,W,C,X,E,B,G,Y;5;W,T,V,O,B;7;H,Q,K,W,X,F,Y;7;A,R,Q,V,I,P,T;
17;Q,N,R,S,V,W,C,X,Y,G,J,T,U,K,L,Z,F;7;U,W,B,L,H,P,Y;7;H,Q,Y,J,N,R,B;6;P,X,B,I,H,Y;
22;E,B,X,T,P,L,C,M,O,H,G,U,V,S,F,K,I,J,W,Q,N,Z;5;R,D,Q,M,V;7;L,V,F,C,Z,O,H;6;M,D,B,Q,Y,S;
20;B,E,Z,G,H,Q,C,F,U,N,W,T,K,P,V,O,J,R,I,L;7;J,U,W,R,E,I,Q;7;W,D,S,Q,M,H,A;6;B,W,Y,T,N,V;
16;G,Z,Y,T,B,D,X,P,U,I,K,Q,L,F,J,W;6;H,T,W,K,V,U;7;G,U,M,W,K,V,Z;6;G,U,S,Y,J,N;
20;A,B,C,M,R,J,V,S,O,G,N,T,K,U,Z,L,I,W,X,D;7;H,C,O,U,Y,X,B;5;C,M,N,A,Y;6;V,G,R,J,S,T;
21;W,X,R,I,A,Y,L,B,H,J,V,Z,U,T,S,G,C,Q,P,K,D;7;I,B,E,G,M,W,R;6;I,H,L,K,M,V;6;G,V,I,N,L,Z;
25;W,H,R,C,F,D,G,I,X,E,J,K,Y,A,N,L,M,Q,O,P,B,S,T,U,V;7;X,M,U,V,Q,Z,O;5;L,T,R,O,A;4;D,C,W,R;
21;A,F,H,T,Y,I,S,B,Z,C,J,G,K,L,M,N,U,D,V,W,O;5;A,V,D,W,P;7;A,L,B,Y,D,S,N;4;X,I,Y,F;
19;X,Q,Y,U,J,Z,S,F,R,E,O,G,M,K,V,H,L,C,N;5;X,S,A,J,T;4;D,P,F,T;6;O,L,M,N,I,E;
24;Z,F,S,C,D,R,E,K,V,Y,L,W,H,G,Q,X,T,P,I,U,B,J,M,N;4;D,X,W,L;7;N,L,W,Q,T,S,E;6;V,M,N,Y,G,I;
14;X,N,P,Q,F,O,G,D,V,L,J,H,E,K;5;Q,Z,W,Y,L;5;K,L,Z,S,W;6;Z,K,S,D,H,A;
17;N,T,W,X,I,P,U,M,O,V,J,Y,K,Z,Q,S,L;5;B,Y,H,U,M;7;B,F,X,O,R,C,A;6;Q,A,I,C,E,Y;
21;W,N,Q,Z,R,L,B,E,M,P,X,D,G,Y,F,H,K,I,J,O,S;4;E,Q,L,N;7;W,L,Q,S,U,K,F;4;J,E,I,A;
23;W,J,K,V,U,A,X,C,I,D,E,Y,Z,T,S,R,Q,F,L,P,O,N,M;6;B,O,I,R,E,G;6;I,Q,W,V,A,G;6;O,Y,Z,J,I,G;
20;B,L,P,G,V,C,H,Y,N,I,D,E,U,M,F,J,O,T,K,Q;4;N,A,Y,U;4;K,I,M,Q;7;Z,P,M,R,L,H,I;
25;I,U,E,M,K,H,D,B,F,T,C,G,J,W,L,V,N,O,S,Z,X,P,Y,Q,R;4;E,R,N,F;6;W,L,O,G,B,H;7;P,C,Y,W,L,M,H;
15;V,D,M,G,J,K,R,L,N,T,P,W,S,F,Q;6;F,S,C,I,V,K;6;R,O,K,M,F,H;6;G,E,B,A,U,J;
17;T,J,M,A,N,S,Y,K,B,Z,C,D,E,F,P,X,Q;5;D,K,E,H,I;4;B,W,K,N;6;N,V,C,Y,J,X;
23;D,W,X,Y,L,Z,J,I,R,Q,V,U,C,E,K,T,M,N,S,F,O,G,B;4;W,Q,I,A;7;Z,V,D,X,R,F,C;4;L,O,Z,Y;
23;O,C,U,E,F,N,V,M,P,Q,D,G,R,W,S,H,T,I,J,A,X,Y,Z;7;M,E,O,H,C,S,R;4;M,Q,Y,C;4;S,C,N,W;
24;S,T,N,K,U,B,C,I,O,V,Y,H,W,Z,P,X,D,Q,M,R,L,J,E,A;5;A,Y,Q,E,S;5;Q,G,E,O,Y;7;U,E,S,L,Y,D,C;
20;R,O,I,A,Z,G,J,K,L,X,C,S,F,U,M,H,Q,V,N,Y;6;I,J,V,R,D,Y;4;J,F,E,Z;5;O,X,V,D,Q;
25;S,N,F,O,V,D,P,U,Q,K,B,I,L,E,G,A,W,J,T,M,Z,R,X,Y,H;6;I,W,O,S,R,B;7;T,X,R,K,J,O,A;7;O,R,Q,X,P,D,B;
14;F,D,R,P,A,Q,T,G,M,W,B,Y,I,C;4;I,H,B,E;7;Z,Y,A,G,X,O,Q;6;O,T,R,Y,F,Q;
25;B,Q,N,R,K,J,P,L,S,C,O,I,Z,T,U,D,M,Y,V,W,F,X,H,E,G;4;P,C,K,A;7;U,M,B,H,X,P,Q;6;G,J,O,E,P,C;
14;L,R,N,I,M,O,G,K,C,Q,U,W,V,Z;6;G,W,D,U,K,N;6;A,N,Y,G,D,F;6;P,B,J,L,T,K;
14;G,E,B,J,Y,Q,L,H,I,M,K,N,D,X;5;X,Z,S,N,G;5;J,W,D,P,R;4;B,C,O,K;
20;A,D,Y,E,Q,R,B,N,S,T,I,C,Z,U,F,X,W,L,G,H;7;W,M,R,Z,S,L,Y;4;L,U,D,K;5;H,R,K,D,S;
16;X,L,Y,U,Z,I,J,K,O,F,Q,W,B,V,T,M;7;M,U,G,S,K,J,D;4;V,X,W,I;4;M,W,U,B;
21;A,J,R,F,Z,B,T,P,K,L,O,E,M,I,S,U,Y,V,G,W,X;6;H,X,M,J,Q,C;6;F,X,I,K,M,L;6;M,K,V,J,P,L;
21;N,V,B,R,T,F,S,O,C,U,G,Y,W,X,Z,D,Q,P,M,L,K;6;N,M,B,K,E,I;7;O,Z,Y,J,T,D,L;5;R,V,L,O,S;
25;Z,B,G,O,Y,H,F,C,A,U,X,W,D,V,I,E,J,S,L,K,M,R,T,N,Q;5;L,P,M,O,Y;7;A,C,S,D,M,G,V;4;L,T,S,E;
26;U,L,E,C,S,N,T,G,D,W,V,M,O,X,Y,Z,J,K,F,P,Q,R,H,I,B,A;6;F,D,I,J,Y,O;7;I,B,L,W,F,U,J;7;R,D,L,V,E,K,Z;
23;H,F,Q,E,W,A,R,B,X,Y,P,L,Z,S,T,V,M,U,C,O,G,N,K;4;G,H,R,J;5;P,J,M,D,B;4;G,O,K,Y;
14;V,K,A,X,B,E,P,J,W,H,C,L,D,M;5;Y,N,S,T,J;6;Y,L,U,C,F,G;6;L,V,N,Z,M,C;
19;F,P,T,U,E,L,H,C,V,M,J,Y,K,W,N,X,Z,D,G;4;B,D,Q,U;6;U,C,D,F,X,O;4;N,W,X,B;
24;T,H,B,M,E,P,D,U,L,V,R,C,W,X,Y,F,G,N,I,O,J,Z,Q,K;4;M,B,T,S;5;G,H,T,Q,S;6;N,P,J,L,A,B;
18;X,K,F,Z,R,Y,W,V,A,M,H,C,U,T,B,S,Q,N;7;Y,M,J,V,E,R,C;6;V,X,Q,D,C,N;6;W,Q,X,K,S,H;
18;Z,D,P,K,Y,G,V,E,H,S,L,I,X,U,W,F,R,T;4;Y,Z,T,E;4;F,E,H,I;4;T,N,P,B;
24;S,F,R,D,O,V,W,U,B,G,E,K,Q,M,N,C,P,H,I,T,X,J,Y,L;6;K,Q,D,Y,J,U;7;E,T,M,D,X,Z,I;5;D,B,N,C,P;
15;P,F,G,H,Z,W,Y,R,S,B,L,O,I,J,K;5;A,K,E,P,Y;6;C,G,Z,O,N,V;7;C,T,W,Y,A,O,P;
24;I,F,C,J,R,P,K,Q,S,W,D,N,X,H,E,T,L,U,G,V,Y,M,Z,O;7;K,R,J,B,X,U,L;5;Y,J,V,X,H;5;G,W,M,O,R;
19;G,B,X,S,N,C,H,I,D,J,T,F,E,K,Z,M,Y,Q,P;7;X,J,D,O,S,C,W;5;M,N,K,A,R;7;R,S,J,B,E,P,Z;
20;B,T,U,O,V,X,L,N,P,D,J,Z,K,M,Q,Y,R,E,H,S;5;Z,A,T,X,D;6;W,L,T,I,E,G;4;D,K,S,J;
23;L,M,A,S,G,D,X,Q,I,F,J,K,H,R,T,U,N,O,P,V,W,Y,Z;7;Q,R,S,U,L,I,K;7;S,M,Z,R,V,O,D;4;J,V,F,K;
14;Z,U,F,V,L,W,B,Y,M,T,S,C,N,O;4;J,W,U,H;5;P,T,C,G,Z;5;G,W,Q,F,J;
14;P,Q,C,T,B,V,H,W,J,I,R,E,K,F;7;X,O,E,T,R,V,A;7;L,Q,V,A,B,F,D;6;S,O,C,X,N,K;
17;M,Z,Y,G,P,H,C,F,V,W,O,B,N,Q,X,I,R;7;K,J,H,F,T,I,Y;6;M,A,E,P,I,J;6;F,L,S,D,M,J;
22;B,S,G,N,W,A,V,O,T,U,X,Y,I,F,M,Z,H,E,R,P,Q,D;7;D,A,T,P,B,H,G;6;N,K,C,I,D,Q;5;C,E,O,G,D;
24;F,B,Q,O,J,R,K,S,L,G,M,T,Y,N,W,U,I,P,E,Z,X,V,H,D;5;X,A,U,T,B;5;D,T,S,W,O;7;H,L,N,S,G,J,K;
24;U,J,K,X,I,Y,E,Q,N,V,G,P,R,C,Z,S,F,H,L,W,T,D,M,O;6;W,J,U,B,O,Q;4;G,S,P,N;6;Z,V,R,K,F,T;
25;W,L,O,Y,X,V,P,E,A,B,F,H,K,G,C,D,I,M,J,Z,N,U,Q,T,R;5;R,U,S,N,C;7;J,Q,R,U,A,I,Y;6;S,I,L,O,T,M;
21;D,T,A,K,J,S,V,W,B,G,F,U,C,X,Q,Y,P,H,I,L,M;6;T,A,P,L,G,X;5;L,N,J,V,O;7;R,A,C,F,Y,H,K;
22;U,K,W,G,L,F,I,R,H,Y,A,V,B,T,O,X,C,D,M,Z,J,N;4;O,J,G,M;4;V,C,J,H;7;R,Y,Q,V,K,H,O;
15;N,I,D,X,K,L,H,R,O,U,S,P,Q,J,E;4;M,J,C,F;4;A,E,R,S;6;R,Z,U,I,G,Y;
23;C,W,V,K,B,E,F,I,P,Q,D,S,O,H,X,J,Y,G,L,R,M,Z,N;6;Q,E,F,K,M,L;6;B,W,T,P,S,R;5;L,H,J,P,U;
14;G,U,E,T,C,Q,R,V,S,P,W,D,X,Y;7;Q,C,X,Z,R,N,V;7;P,R,T,H,V,Z,F;7;C,O,L,Y,H,S,D;
15;F,R,H,J,U,C,E,I,Z,K,X,N,B,Y,D;6;W,Z,P,C,L,M;4;O,H,U,I;4;Y,U,D,N;
23;U,X,W,Y,L,N,V,S,F,H,Q,G,J,I,M,R,C,Z,T,O,P,K,E;4;S,R,K,X;5;T,V,B,D,Z;6;K,Y,V,T,H,W;
23;S,U,C,J,W,T,A,D,K,Z,H,B,I,Y,P,X,L,E,F,V,G,R,O;6;J,O,Q,L,W,V;6;O,H,T,P,L,I;5;Z,O,Y,J,I;
25;L,Q,P,D,A,T,R,V,U,N,C,I,S,G,X,E,W,Y,F,H,Z,B,J,O,K;4;S,R,C,N;6;K,I,T,V,J,U;5;G,S,L,H,Z;
23;Y,O,X,V,G,T,I,C,M,J,W,H,P,K,Z,N,U,S,R,L,E,Q,F;4;H,I,V,S;5;Y,V,L,G,F;7;O,Y,V,T,F,S,I;
26;L,V,N,S,O,Y,H,I,M,R,U,F,J,D,T,Z,G,A,P,E,Q,K,W,X,C,B;4;R,K,U,H;6;W,Q,E,Y,Z,H;5;P,N,R,K,Z;
18;B,R,F,H,C,M,N,D,L,P,E,A,G,S,I,T,W,X;5;Q,H,N,R,L;6;K,Q,D,E,H,U;6;J,F,M,C,E,D;
15;U,L,Z,M,V,P,R,X,N,B,O,K,W,Y,Q;6;I,R,T,E,J,Y;6;O,D,X,Q,P,M;4;C,W,N,H;
15;I,L,M,J,H,T,S,A,P,V,N,U,W,X,Y;7;W,G,C,H,S,D,Z;4;U,R,K,W;7;Y,N,V,K,I,Q,U;
23;K,L,Y,S,P,V,C,X,B,Q,D,U,T,R,W,Z,A,H,O,N,M,E,J;4;B,X,K,C;5;L,N,E,Q,X;7;V,A,D,N,L,E,R;
21;G,Q,S,C,K,A,J,Z,R,H,D,T,X,B,N,I,E,L,W,F,M;7;K,E,C,L,F,O,D;4;J,Y,A,K;4;F,E,W,S;
26;M,O,H,I,A,J,X,K,B,L,V,N,P,T,Q,C,R,D,U,S,Z,W,E,Y,G,F;7;I,J,M,A,N,B,E;7;J,L,R,P,C,X,N;6;X,Y,A,K,L,N;
14;O,Z,P,Y,G,I,W,X,M,L,N,T,S,Q;7;S,X,G,E,J,F,A;4;U,J,I,B;5;Q,Y,R,X,T;
18;W,U,B,S,D,M,R,C,H,P,I,Y,F,X,Z,E,T,J;4;N,E,J,R;5;U,S,L,A,H;5;X,V,B,Z,T;
26;U,F,H,Y,A,K,C,B,M,J,T,Q,R,D,X,E,L,P,V,G,S,Z,I,W,N,O;5;O,K,U,B,Z;6;D,K,C,R,B,G;4;F,C,U,X;
15;G,U,L,M,Q,H,B,Z,Y,P,O,J,F,X,R;5;X,R,B,V,I;4;V,I,M,F;5;T,S,M,V,Q;
17;F,Q,W,L,A,X,Y,O,M,T,R,N,Z,E,G,P,S;6;F,T,E,I,W,U;7;Z,J,N,H,V,T,G;7;R,W,B,Z,J,M,P;
15;B,C,D,O,E,A,R,T,X,U,W,H,Y,F,J;5;A,U,J,K,O;7;F,Z,U,A,K,X,Y;4;M,V,Q,P;
22;Y,T,N,I,Z,V,X,R,H,J,A,K,L,W,Q,U,C,S,M,P,O,G;4;D,P,L,R;5;T,H,R,J,L;5;L,W,J,Y,M;
26;A,C,N,W,J,U,E,H,T,V,Z,M,F,G,I,O,X,Y,P,Q,D,K,S,R,L,B;4;W,N,S,D;5;X,Z,B,H,F;5;W,P,I,E,T;
17;E,M,Y,Q,F,V,O,J,G,L,N,X,H,S,I,P,K;4;N,X,T,D;5;I,X,E,M,T;7;A,Z,T,O,I,V,Y;
23;V,J,D,L,H,E,X,I,Y,Z,W,A,N,B,M,P,U,T,S,R,Q,F,G;4;C,Q,V,H;5;Y,L,I,Q,W;5;K,H,Y,B,T;
14;P,U,Q,T,K,R,D,G,S,V,W,M,Y,X;7;P,S,V,Z,G,R,Q;7;Y,I,C,N,O,D,X;5;Y,S,F,P,E;
15;F,M,N,T,Z,A,C,L,G,X,O,P,U,E,H;7;J,H,S,G,A,L,Z;6;R,T,D,K,U,O;7;D,Q,S,U,V,H,E;
18;R,O,H,X,G,Y,I,M,P,Z,C,J,B,N,D,T,Q,W;6;B,E,J,V,S,R;5;F,K,D,N,C;4;T,F,D,Z;
25;H,Q,Z,G,R,I,O,L,D,P,E,S,J,F,K,T,M,U,N,V,W,X,Y,C,B;6;A,G,D,W,L,U;7;Z,U,B,S,A,X,M;6;S,T,J,O,X,G;
17;Z,E,Q,T,P,F,R,Y,S,U,D,X,G,H,W,K,L;4;A,T,W,N;7;B,J,Q,D,R,H,S;5;Q,U,H,S,W;
21;M,D,E,Q,Y,K,T,G,W,O,N,P,I,R,V,B,S,J,L,U,F;6;J,W,E,G,Y,A;4;L,I,O,Q;4;T,X,W,F;
23;U,D,B,L,M,N,J,P,T,C,V,E,O,Z,R,F,H,I,Q,K,S,A,Y;7;C,R,U,I,Z,K,Y;6;Z,G,U,B,D,Q;6;H,K,Q,U,G,P;
16;F,Z,K,O,W,G,L,S,V,R,M,N,P,Y,B,Q;7;G,F,U,P,N,J,L;5;E,G,H,J,Y;6;N,A,O,H,W,V;
22;U,A,O,H,E,G,I,Q,M,D,B,P,R,J,S,X,K,L,N,T,F,V;7;D,P,L,M,J,F,A;7;M,C,Y,T,N,W,A;7;J,Q,W,U,S,I,G;
26;M,O,E,Q,Y,B,C,J,D,R,Z,F,S,H,G,I,K,N,P,T,L,X,U,V,W,A;5;P,O,X,I,S;4;K,V,M,E;6;S,Z,D,U,B,R;
18;M,E,W,J,T,F,K,R,Q,D,A,X,G,O,L,H,N,Z;6;W,S,V,F,H,D;6;B,C,I,O,T,A;7;Z,I,J,L,S,H,T;
18;O,K,Y,F,M,N,C,H,P,Q,I,D,R,W,V,S,J,A;4;C,P,H,Y;4;H,M,F,N;5;Z,I,P,C,D;
22;U,X,V,D,C,I,Y,W,F,O,E,S,Z,K,P,N,T,R,G,J,H,L;7;D,O,B,C,L,H,W;6;O,C,S,Y,L,I;4;I,G,V,M;
15;U,F,G,V,P,K,E,H,R,I,X,J,A,T,B;5;J,Q,H,C,W;7;U,Q,T,J,W,C,R;7;B,W,P,O,Y,S,Z;
18;U,E,D,L,B,H,P,Q,A,T,I,Y,C,R,V,Z,J,F;7;H,Z,S,P,V,T,A;6;Z,N,G,V,O,L;7;X,W,D,M,O,U,P;
24;M,G,P,T,N,C,X,L,S,U,E,B,D,O,F,Q,V,H,K,I,J,R,W,Y;5;O,H,C,B,A;7;F,K,J,U,R,M,B;5;H,Q,X,W,J;
19;M,N,X,W,K,Q,R,S,O,E,G,D,A,I,Y,J,L,F,P;7;L,U,H,R,F,W,J;5;Y,N,E,D,Z;6;D,J,N,G,C,X;
15;M,Z,O,Y,B,T,L,U,N,W,P,Q,R,S,V;4;A,J,D,O;7;V,L,M,N,X,A,Y;4;E,R,Y,C;
17;Q,M,J,E,F,G,H,I,U,N,K,D,O,L,R,A,P;4;F,X,I,O;7;N,V,J,Q,S,I,T;4;N,Y,K,B;
21;P,S,H,G,M,U,D,W,N,T,Q,O,X,Y,E,Z,V,R,I,L,K;7;A,V,Z,X,G,O,S;7;W,L,C,N,D,V,A;4;C,I,F,Y;
24;G,E,T,Y,F,U,A,K,H,Q,P,L,V,N,M,O,R,S,Z,X,W,J,I,D;6;V,Y,K,X,Q,F;4;E,I,M,Z;5;B,L,N,G,S;
25;O,P,Q,N,F,I,X,R,B,V,S,C,A,Y,T,D,Z,G,L,E,W,H,U,M,K;6;G,H,A,D,Q,W;4;V,I,N,T;6;T,B,F,J,K,U;
26;L,M,N,O,T,X,I,C,R,J,Q,V,P,S,K,U,W,Y,Z,H,A,G,E,F,B,D;4;E,Q,V,X;7;A,E,Q,C,I,W,R;7;E,S,C,Z,L,D,R;
23;Q,G,R,N,L,C,O,Z,A,D,E,J,S,U,F,T,H,P,X,I,V,K,M;6;D,S,Z,U,L,M;6;N,O,K,T,W,H;6;H,L,O,V,F,N;
22;N,O,C,G,L,P,I,Q,J,Z,R,S,A,T,Y,H,K,U,D,X,M,V;6;I,S,M,H,Z,X;6;Z,O,M,K,R,Q;4;O,V,W,P;
24;M,I,W,C,U,J,X,K,T,V,Z,N,L,Y,S,E,R,F,O,P,Q,H,G,D;5;X,C,P,V,K;7;G,Z,Y,V,S,T,N;7;O,N,D,P,H,I,X;
23;B,E,X,K,G,F,V,D,C,R,H,I,L,Y,S,J,M,N,O,P,Q,T,U;6;U,W,V,E,A,G;7;T,J,F,S,R,C,V;6;S,B,C,T,K,X;
15;N,T,Z,X,Y,W,D,V,U,H,K,Q,S,E,O;6;M,P,U,Y,J,E;7;Y,R,F,J,L,T,D;4;E,Z,V,D;
20;A,T,D,E,Y,G,F,I,Z,Q,S,H,W,J,K,L,R,M,N,V;6;B,H,T,I,U,Z;5;I,Y,B,N,K;6;O,H,G,W,A,X;
19;S,J,F,N,U,M,P,H,K,Q,V,L,Y,Z,O,X,R,D,W;7;H,X,U,K,Q,Z,F;7;Q,Z,F,X,C,E,L;5;O,U,E,F,Y;
26;S,H,Z,V,G,I,N,P,O,Q,E,T,J,L,R,U,K,D,M,W,F,X,Y,C,A,B;4;W,B,P,O;4;Z,N,Q,D;5;C,G,A,H,E;
20;Y,V,X,G,F,H,S,I,T,W,Z,A,U,R,Q,B,P,O,N,M;4;C,Q,T,O;6;G,X,C,E,P,D;6;O,V,M,R,Z,E;
24;O,A,S,Y,J,M,B,D,L,X,U,E,C,F,P,T,K,N,H,Q,V,R,W,Z;4;U,S,V,B;7;F,Z,B,P,N,Q,M;4;K,L,M,H;
24;U,F,X,V,Z,E,G,H,A,I,C,P,D,W,J,K,T,L,M,Y,B,R,S,N;6;H,G,T,E,P,O;7;A,L,E,D,I,M,S;4;M,K,A,U;
17;Q,M,J,R,G,O,S,T,P,A,U,Z,I,K,V,W,N;5;M,Q,K,J,L;6;Z,M,G,A,V,B;4;F,V,D,R;
14;R,G,H,I,A,M,W,O,J,D,S,B,U,Z;4;Y,H,P,C;7;G,L,I,Y,O,A,U;5;T,P,U,N,V;
14;V,M,F,S,P,U,I,E,Z,N,G,W,O,Q;5;A,E,G,U,W;6;G,D,L,N,S,K;5;J,F,V,Y,P;
15;K,D,O,Q,H,J,N,Y,A,P,I,R,G,S,E;4;S,B,T,J;6;F,V,Q,L,D,M;7;J,W,E,K,B,S,Y;
24;X,Z,L,W,U,R,G,P,V,Q,J,S,K,Y,N,T,C,O,M,I,H,E,D,F;7;H,B,C,O,G,X,L;5;I,D,T,E,H;6;O,Q,X,U,Y,K;
24;K,N,U,H,X,Z,S,Y,A,B,L,D,E,W,V,Q,F,C,G,T,J,I,M,O;4;A,G,F,V;4;L,B,D,Y;5;D,J,M,V,P;
15;K,I,O,U,T,F,G,W,J,X,Y,P,D,Q,Z;7;I,T,E,P,Z,J,W;7;U,S,D,A,L,M,E;6;Z,O,A,M,D,V;
20;C,P,E,H,B,M,K,G,Q,V,J,L,F,X,R,N,A,I,Y,O;7;K,T,F,W,E,Z,X;5;S,J,U,H,D;7;J,H,O,N,I,R,B;
16;D,Y,S,A,I,R,F,B,Q,T,J,U,K,W,G,M;5;F,G,Z,Q,N;5;V,K,M,A,I;6;J,P,L,Q,W,X;
21;J,F,W,Z,D,N,R,Q,P,V,X,Y,U,O,T,K,I,L,S,A,M;7;Q,E,C,J,V,U,F;6;K,W,B,S,P,D;4;W,Y,C,J;
20;G,C,S,P,X,A,D,K,N,E,O,J,I,Z,F,U,M,Y,H,L;7;X,N,W,U,T,H,F;6;Y,H,A,L,E,O;4;W,V,R,J;
21;Z,X,A,G,H,J,F,T,N,B,I,D,K,U,V,Y,E,C,L,M,W;6;Z,M,E,P,F,C;5;Y,O,E,A,X;5;T,E,N,C,B;
23;K,R,I,L,X,A,C,D,T,V,E,Y,N,W,S,F,P,Z,O,G,B,H,M;7;O,S,F,I,D,R,H;6;N,O,P,C,Q,T;5;U,W,D,A,P;
26;W,V,N,I,X,O,H,M,B,C,A,D,Q,G,E,S,K,Y,T,Z,U,F,R,J,P,L;4;F,X,Z,B;6;C,Z,T,A,Y,R;5;Q,A,L,P,V;
21;X,G,R,H,K,Z,N,B,T,U,S,V,I,W,D,Y,O,C,J,L,M;5;F,T,Z,H,Q;5;Z,O,I,P,F;6;U,C,O,S,D,N;
22;Q,N,C,D,E,R,O,P,M,F,A,S,B,G,T,L,U,W,V,H,X,K;7;J,I,O,B,L,F,T;7;A,S,Q,X,E,T,K;7;F,K,A,L,O,Q,M;
23;B,S,Y,G,K,Z,O,N,M,C,W,L,D,P,X,Q,E,H,U,A,V,T,R;5;C,T,M,P,H;5;W,R,K,G,L;4;R,M,P,Q;
26;M,Q,P,G,R,S,D,N,O,T,E,X,U,Y,Z,L,C,W,V,K,A,J,I,H,F,B;7;R,U,A,Q,Z,B,T;5;O,B,F,D,L;5;H,U,Z,F,K;
22;U,H,S,I,R,F,C,J,D,E,K,G,X,Q,N,W,L,M,O,Y,P,Z;4;V,M,U,H;5;P,B,K,H,W;5;L,N,I,W,M;
23;G,O,W,T,B,J,F,Y,H,P,I,X,Z,Q,K,V,L,M,N,R,C,D,U;4;R,U,J,K;4;W,Q,D,X;5;M,J,V,B,S;
17;U,F,N,J,R,O,K,I,Z,H,B,D,L,X,T,W,V;7;A,J,Y,R,I,H,T;7;S,P,J,V,F,D,A;4;J,I,G,Y;
17;X,S,U,D,B,E,C,F,G,Y,H,T,Z,I,W,J,A;4;T,S,E,N;7;X,T,L,A,U,C,B;7;O,M,E,A,F,I,U;
25;P,G,Z,X,V,Q,I,N,J,R,S,T,B,H,K,Y,U,A,O,D,L,E,C,F,W;4;L,C,S,A;4;E,S,X,C;4;H,N,K,L;
19;F,M,J,N,Q,W,X,O,Y,A,S,Z,K,L,D,P,R,C,T;7;W,K,J,T,Q,B,E;6;V,M,G,W,J,H;7;H,F,N,A,W,R,D;
22;U,R,A,W,K,M,N,I,Z,T,G,O,P,E,V,S,L,F,C,H,X,J;5;I,Y,R,B,A;6;Z,G,M,Y,X,I;7;D,Q,I,V,A,U,B;
24;U,P,D,Q,V,L,F,W,X,T,N,E,H,S,Y,C,M,O,Z,R,K,I,G,J;7;A,V,H,P,R,M,Q;5;X,U,K,Z,T;5;W,P,F,M,R;
21;H,A,Z,B,W,F,M,G,C,O,R,K,Y,X,P,Q,V,U,T,L,N;7;H,Q,P,O,I,W,R;6;V,H,A,N,T,U;7;D,Q,Y,W,G,L,P;
21;Z,O,Q,G,H,U,I,P,B,R,S,C,V,J,T,A,D,L,M,N,K;4;Z,S,J,A;6;V,K,H,S,D,L;7;R,P,G,I,Q,K,S;
19;U,G,D,N,E,J,M,R,C,O,V,I,P,F,Y,Q,W,H,K;5;J,P,Z,A,S;6;T,J,Y,V,A,B;7;K,G,O,I,V,P,A;
22;F,L,H,I,Z,X,V,S,W,Y,T,U,B,R,Q,P,O,G,D,N,J,K;7;K,Q,L,H,G,B,P;6;O,H,Y,C,S,A;5;G,M,A,L,I;
18;R,V,S,G,I,X,F,U,A,H,N,J,L,K,W,M,B,D;4;Q,R,E,D;5;W,U,G,P,K;6;E,J,C,D,M,G;
23;K,V,F,Z,J,H,G,M,E,X,D,I,L,O,T,N,P,Q,R,S,Y,C,U;4;Q,I,X,V;6;Z,Y,Q,I,B,N;4;F,D,B,I;
21;G,L,Y,V,H,X,C,Z,R,W,U,I,J,A,T,S,Q,P,O,M,K;4;A,U,K,G;5;T,K,Z,U,O;5;Y,R,I,C,M;
16;X,I,U,P,E,R,C,D,J,L,V,Q,Y,T,Z,S;6;F,P,O,I,C,L;7;W,E,Z,V,K,P,A;4;G,D,N,W;
18;C,H,R,D,I,X,B,O,M,S,E,L,J,W,U,Y,Z,V;4;Q,F,H,D;5;B,P,H,A,V;6;S,A,R,M,H,C;
21;Y,Z,W,S,G,I,J,K,P,O,A,B,X,Q,T,F,M,V,U,R,H;4;H,R,C,M;7;T,Z,E,V,Q,O,H;6;B,G,W,U,N,D;
24;V,H,M,F,G,O,I,W,S,J,K,X,B,L,N,P,Q,R,U,T,Y,Z,E,D;7;P,M,X,V,B,O,G;5;U,J,F,Z,O;5;G,O,P,Z,B;
19;Q,U,T,M,Y,K,P,R,G,N,O,A,E,S,V,W,X,Z,L;6;O,X,D,Z,G,U;4;G,F,W,J;5;C,X,P,N,M;
23;P,C,F,G,B,L,I,Z,Y,X,W,D,E,O,Q,A,N,R,M,V,H,T,J;5;C,K,P,I,N;4;A,S,I,C;6;E,D,Q,C,S,N;
15;R,M,S,L,Y,D,T,N,I,J,K,E,V,U,P;5;N,D,Q,K,V;5;C,O,U,M,T;4;T,O,E,I;
17;H,R,B,P,Q,L,G,U,I,F,D,T,E,S,W,J,V;4;B,D,W,N;4;D,B,Q,N;7;H,W,K,P,G,A,S;
19;F,K,G,A,V,C,W,B,X,P,Z,I,N,D,Y,Q,R,U,J;6;G,D,F,B,C,E;5;X,Q,M,N,W;4;E,V,J,T;
